depth,policy,closed_form_ms,simulated_ms
1,cold,2892.0,2892.0
1,snap,725.0,725.0
1,ahead,725.0,725.0
2,cold,5786.0,5786.0
2,snap,1452.0,1452.0
2,ahead,802.0,802.0
3,cold,8680.0,8680.0
3,snap,2179.0,2179.0
3,ahead,879.0,879.0
4,cold,11574.0,11574.0
4,snap,2906.0,2906.0
4,ahead,956.0,956.0
5,cold,14468.0,14468.0
5,snap,3633.0,3633.0
5,ahead,1033.0,1033.0
6,cold,17362.0,17362.0
6,snap,4360.0,4360.0
6,ahead,1110.0,1110.0
7,cold,20256.0,20256.0
7,snap,5087.0,5087.0
7,ahead,1187.0,1187.0
8,cold,23150.0,23150.0
8,snap,5814.0,5814.0
8,ahead,1264.0,1264.0
fanout4,snap,1626.0,1626.0
fanout4,ahead,829.0,829.0
