depth,policy,mean_ms,p50_ms,p99_ms,mem_GBs
1,snap,736.9434042997492,733.2411258832431,968.7828900232125,0.3773150230014716
1,ahead+rw,736.9434042997492,733.2411258832431,968.7828900232125,0.3773150230014716
1,recommended,736.9434042997492,733.2411258832431,968.7828900232125,0.3773150230014716
2,snap,1462.4058686674248,1455.5218011996583,1763.5600147789594,0.7477278047577215
2,ahead+rw,827.0803805433682,813.8144862470066,1053.9942233915983,0.7946361778396761
2,recommended,822.6490692181135,811.6686594780156,1042.1078003265873,0.7985113464411456
3,snap,2200.06085779443,2192.448264704996,2556.6885254333897,1.1243831591907483
3,ahead+rw,909.6602987923068,897.6077654174724,1110.5975234370392,1.2148142508213373
3,recommended,881.4424171484977,868.3402182809136,1082.716826535516,1.2498098640211766
4,snap,2938.277967401978,2924.7912100028216,3356.089974074604,1.5013263193098128
4,ahead+rw,986.5675096478772,982.083067774377,1171.2395897163144,1.6349448157610504
4,recommended,934.9100752203141,926.7725790536467,1114.1420076144254,1.7100518225339774
5,snap,3670.0004627460685,3667.545395835533,4198.116576333431,1.874944236925987
5,ahead+rw,1063.788487344611,1055.0450160068185,1256.0219475542624,2.0551885212814915
5,recommended,991.5654903440018,977.2757633580386,1178.6260079858994,2.1598773535901064
6,snap,4406.95815278511,4398.188130039134,4927.362552575042,2.251242574225976
6,ahead+rw,1143.1984058703556,1132.7485014807503,1344.4597294191565,2.4766661050871135
6,recommended,1054.8569387632351,1049.2295837578972,1214.4597294191565,2.6026841062368824
7,snap,5136.358583482465,5135.433657470476,5760.462744545513,2.6236715947430223
7,ahead+rw,1216.2607529981453,1205.6260505804055,1413.3416701442018,2.896127610622164
7,recommended,1116.4076569134595,1110.525464037748,1283.3416701442018,3.037580826576574
8,snap,5885.296316404929,5894.42842219844,6550.183983978748,3.0061037139993236
8,ahead+rw,1297.6645104455395,1291.088428699154,1461.68525961439,3.3178438399702803
8,recommended,1186.2993873801752,1179.7078090745,1331.68525961439,3.4688381129152237
