budget_GB,policy,seed,n,mean_ms,p50_ms,p99_ms,p999_ms,n_after_idle,after_idle_mean_ms,after_idle_p50_ms,after_idle_p99_ms,hot_mean_ms,avg_mem_GB,avg_idle_mem_GB,starts_per_1000,overflow,plans
24,snap,1,432945,357.2336801186563,109.73771378397942,3818.335315726398,6198.01617902255,794,2347.714927798989,2181.20146783581,6203.6296677368855,353.57652761719686,24.4952091938809,24.100337618698074,268.5075471480211,1513,0
24,snap|keep=gdsf,1,432945,330.94533016702326,110.52488148212433,3657.906732022166,6158.4620259907215,794,2347.804712257043,2182.082353991922,6203.6296677368855,327.23971257183206,24.394924714751014,24.0231219298214,239.87573479310305,2094,0
24,ahead+rw/gated,1,432945,268.44508691386,110.31562781333923,1389.0909374260902,2420.58169940114,794,827.3406074731906,902.610215112567,1373.2821912755894,267.4182165761213,24.488573568500577,24.067446046556494,324.498492880158,2147,0
24,recommended,1,432945,258.6120483759238,112.96130998432636,1194.039929612279,2236.982712382309,794,814.5599095581554,901.9135360354558,1316.7434448468641,257.59059383392645,24.45613643999741,24.04025005444921,333.6012657496911,1121,22
32,snap,1,432945,286.24263121155695,105.87383514642715,3237.1836642551416,6065.857915476313,794,2347.16621240337,2181.20146783581,6203.6296677368855,282.45605354896605,32.51263218652304,32.17931961662384,151.3009735647715,0,0
32,snap|keep=gdsf,1,432945,269.4755990271631,106.27044698596,3070.397465637922,5995.749140511026,794,2347.4968222266148,2181.20146783581,6203.6296677368855,265.65760751211315,32.269245203553105,31.949672237254145,136.57161995172598,68,0
32,ahead+rw/gated,1,432945,235.88943959902232,106.24348637461662,1203.9986845621465,2328.889403786406,794,817.6761095525986,899.4767876709811,1356.135225695405,234.82051087748022,32.5389277262532,32.18991912516234,184.33981221633232,0,0
32,recommended,1,432945,229.7622222294936,107.42500212788582,1095.2956487023828,1618.136046189896,794,806.4670464390662,901.0478145256639,1243.6668544038832,228.70263048859192,32.37740426951261,32.02991852848419,195.13102126136116,0,1
128,snap,1,432945,209.11159882203117,103.25593566894531,625.4550159025191,2413.02682981752,794,2335.948971735474,2180.1345331557095,6203.6296677368855,205.20391638211254,49.8951203979431,49.628820679925155,20.88948942706348,0,0
128,snap|keep=gdsf,1,432945,209.11159882203117,103.25593566894531,625.4550159025191,2413.02682981752,794,2335.948971735474,2180.1345331557095,6203.6296677368855,205.20391638211254,49.8951203979431,49.628820679925155,20.88948942706348,0,0
128,ahead+rw/gated,1,432945,205.9994608887141,103.35759225487709,634.4937925446034,1690.098951121416,794,816.3411349873016,899.0662992517464,1360.6745088876366,204.8780674655026,50.09390255869791,49.82756013768851,21.141253507951358,0,0
128,recommended,1,432945,205.98281304342362,103.36036720871925,634.9778083708882,1689.0488478485925,794,805.5645630696782,900.5416131466627,1249.4917790355905,204.88118905199275,50.09579097287789,49.829459296674806,21.143563270161337,0,0
