quota_vcpu,cores,dag,policy,mean_ms,p99_ms,boost_cpu_s,mem_GBs
0.25,1,chain3,od,8642.77607428744,10069.063265190956,0.0,4.423053350035169
0.25,1,chain3,od+uniform,2163.69401857186,2520.265816297739,1.619770513928895,1.1057633375087923
0.25,1,chain3,la,3631.2289919622726,4509.573859653919,0.0,5.045830228951736
0.25,1,chain3,la+uniform,2162.85401857186,2518.265816297739,0.7042432974009616,3.1803932306023333
0.25,1,chain3,la+cp,2159.69401857186,2516.265816297739,2.1596940185718596,2.2143946208081635
0.25,1,chain3,la+slack,2161.330740422941,2517.92972250398,2.15969401857186,3.192142615456044
0.25,1,chain3,cold,35004.40378586485,38654.496733197266,0.0,17.9202067383628
0.25,1,chain3,cold+uniform,8754.100946466213,9666.624183299316,6.562575709849659,4.4800516845907
0.25,1,chain3,prewarm,15069.069675784429,16961.581560788793,0.0,19.288143090998624
0.25,1,chain3,prewarm+slack,8751.727965207341,9664.244823408226,8.750100946466212,12.807097146489317
0.25,1,chain5,od,14546.335661110465,16306.985456419816,0.0,7.443627858488558
0.25,1,chain5,od+uniform,3642.583915277616,4082.746364104954,2.725937936458212,1.8609069646221394
0.25,1,chain5,la,4728.429948997602,5575.701161688868,0.0,10.151763271881801
0.25,1,chain5,la+uniform,3641.103915277616,4081.726364104954,0.353119007610757,8.868412425431579
0.25,1,chain5,la+cp,3634.583915277616,4074.746364104954,3.634583915277616,5.551899518873808
0.25,1,chain5,la+slack,3636.4089846808997,4076.558953839126,3.634583915277616,8.86179447053412
0.25,1,chain5,cold,58138.252960866674,63150.12216199636,0.0,29.762689515963736
0.25,1,chain5,cold+uniform,14540.563240216668,15793.53054049909,10.8994224301625,7.440672378990934
0.25,1,chain5,prewarm,19545.87911826152,21889.45853920038,0.0,36.07896318137816
0.25,1,chain5,prewarm+slack,14534.36876065382,15787.35156894939,14.532563240216668,34.9807018642017
0.25,1,chain8,od,23469.542809016326,25772.464956565385,0.0,12.009237918216359
0.25,1,chain8,od+uniform,5877.8857022540815,6453.616239141346,4.397914276690561,3.0023094795540897
0.25,1,chain8,la,7097.596696081514,7997.562664314992,0.0,22.64163901547275
0.25,1,chain8,la+uniform,5875.605702254081,6448.596239141346,0.4603289233231019,22.833486808977245
0.25,1,chain8,la+cp,5863.8857022540815,6439.616239141346,5.863885702254081,13.427977924719237
0.25,1,chain8,la+slack,5865.805582805972,6441.53154081586,5.863885702254082,22.75136515258511
0.25,1,chain8,cold,92939.8446810339,99919.20805627844,0.0,47.57803247668936
0.25,1,chain8,cold+uniform,23245.461170258473,24990.30201406961,17.423595877693856,11.89450811917234
0.25,1,chain8,prewarm,28840.01843805371,31779.20125537115,0.0,76.3818555507993
0.25,1,chain8,prewarm+slack,23233.349037275657,24978.186773537767,23.231461170258477,88.77204721229026
0.25,1,fanout4,od,7038.143733064232,8301.540910280979,0.0,7.688553893340187
0.25,1,fanout4,od+uniform,3845.82300479926,4255.298639899769,0.8566877804326612,6.0656100343806205
0.25,1,fanout4,la,4497.454317919156,5522.208174716158,0.0,10.282259305988294
0.25,1,fanout4,la+uniform,3843.50300479926,4253.298639899768,0.21406020665120284,10.344095898539276
0.25,1,fanout4,la+cp,3839.82300479926,4249.298639899769,3.83982300479926,8.82167520894716
0.25,1,fanout4,la+slack,3843.307999305919,4252.852094091732,3.839823004799259,11.469654058513035
0.25,1,fanout4,cold,27591.923204807503,31006.73483516014,0.0,30.53899007926406
0.25,1,fanout4,cold+uniform,15358.139229214625,16564.402292385123,3.207243685750183,24.647198307473303
0.25,1,fanout4,prewarm,17508.042996251366,19894.857852891255,0.0,43.72857779601954
0.25,1,fanout4,prewarm+slack,15354.128309369791,16560.393169711882,15.352139229214623,45.75906746142254
0.25,1,ml,od,8469.104191208704,9471.538372051697,0.0,5.162594278438688
0.25,1,ml,od+uniform,2123.276047802176,2373.884593012924,1.586457035851632,1.290648569609672
0.25,1,ml,la,3449.0994501558416,4316.186337075602,0.0,5.443290018436948
0.25,1,ml,la+uniform,2118.916047802176,2369.8845930129237,0.6125024381329837,4.390132794245188
0.25,1,ml,la+cp,2115.276047802176,2365.884593012924,2.1152760478021757,2.8603593599532777
0.25,1,ml,la+slack,2117.523640297778,2368.6245354612283,2.115276047802176,4.953187190391689
0.25,1,ml,cold,35334.18655270738,39314.940677254235,0.0,21.559350740082174
0.25,1,ml,cold+uniform,8839.546638176846,9834.735169313559,6.623659978632634,5.389837685020543
0.25,1,ml,prewarm,13527.705214322339,15626.942614638941,0.0,24.38886492125285
0.25,1,ml,prewarm+slack,8833.491234748984,9828.686567705423,8.831546638176846,21.050177787391085
0.25,1,mixed,od,6070.803062064716,7393.839788018669,0.0,5.143110351985517
0.25,1,mixed,od+uniform,2039.3039629132008,2340.368956301884,1.2672963734863898,2.082352099198205
0.25,1,mixed,la,3247.682506980979,4372.335974946447,0.0,5.323086796932531
0.25,1,mixed,la+uniform,2036.660081147846,2337.7130933638437,0.5773424861783495,3.7810674106742574
0.25,1,mixed,la+cp,2035.4639629132007,2336.368956301884,2.0354639629132008,3.568920519919515
0.25,1,mixed,la+slack,2035.4639629132362,2336.3689563019184,2.0354639629132008,4.47354200321316
0.25,1,mixed,cold,25006.54993772489,28437.091954494223,0.0,21.20875355521201
0.25,1,mixed,cold+uniform,8418.109789750668,9373.109504547692,5.228876189653278,8.625281849773671
0.25,1,mixed,prewarm,13145.220931839356,15149.686678522447,0.0,21.960888351225975
0.25,1,mixed,prewarm+slack,8414.1497897507,9370.089504547708,8.414149789750669,18.66226091067174
0.25,1,router,od,12278.703533304788,14061.547418095559,0.0,6.223959431966659
0.25,1,router,od+uniform,3077.175883326197,3522.8868545238897,2.3003819124946476,1.5559898579916647
0.25,1,router,la,6089.69827123336,7475.56867470308,0.0,24.049362764746505
0.25,1,router,la+uniform,5309.39542901428,5900.199689175993,0.28259914500123856,25.584466373354797
0.25,1,router,la+cp,3067.175883326197,3512.8868545238897,5.3037154290142805,16.490380654088487
0.25,1,router,la+slack,3070.947446017773,3516.726005112892,5.3037154290142805,17.878662268142488
0.25,1,router,cold,49561.18575586511,52895.858870012016,0.0,24.908621944427182
0.25,1,router,cold+uniform,12397.796438966277,13231.464717503004,9.29084732922471,6.2271554861067955
0.25,1,router,prewarm,25670.387530632757,39326.46759711459,0.0,55.371442913102854
0.25,1,router,prewarm+slack,12390.456577617217,13224.350115174098,14.652890579805511,29.269366893130023
0.25,1,trip,od,12407.354842209543,18763.830568512774,0.0,6.259226960708857
0.25,1,trip,od+uniform,3108.0787105523855,4699.957642128194,2.3248190329142893,1.5648067401772143
0.25,1,trip,la,5735.031211596045,6788.044599936317,0.0,18.888567161699427
0.25,1,trip,la+uniform,4998.812099546787,5517.0973461965505,0.28078565549698653,18.770074576451293
0.25,1,trip,la+cp,3099.7587105523858,4687.957642128194,4.994226042821658,11.908911060974575
0.25,1,trip,la+slack,3101.7489771664295,4689.957507312638,4.994226042821658,13.007909158500949
0.25,1,trip,cold,50245.27664623249,73955.5994431219,0.0,25.272047911919373
0.25,1,trip,cold+uniform,12567.559161558123,18497.899860780475,9.419429371168592,6.318011977979843
0.25,1,trip,prewarm,20909.965579355285,51999.18029313651,0.0,29.91439922709149
0.25,1,trip,prewarm+slack,12561.321508936391,18489.36757668153,12.764508203500057,23.44391518176479
0.25,2,chain3,od,8642.77607428744,10069.063265190956,0.0,4.423053350035169
0.25,2,chain3,od+uniform,2163.69401857186,2520.265816297739,1.619770513928895,1.1057633375087923
0.25,2,chain3,la,3631.2289919622726,4509.573859653919,0.0,5.045830228951736
0.25,2,chain3,la+uniform,1199.4780773566367,1416.2626765796942,1.402850890968734,1.7075442937549674
0.25,2,chain3,la+cp,1332.9758456473576,1551.6293837202568,2.1596940185718596,1.4797275592382102
0.25,2,chain3,la+slack,1136.091808741817,1315.971777075905,2.1596940185718596,1.6258898487884315
0.25,2,chain3,cold,35004.40378586485,38654.496733197266,0.0,17.9202067383628
0.25,2,chain3,cold+uniform,8754.100946466213,9666.624183299316,6.562575709849659,4.4800516845907
0.25,2,chain3,prewarm,15069.069675784429,16961.581560788793,0.0,19.288143090998624
0.25,2,chain3,prewarm+slack,4652.828561775874,5106.365488228871,8.750100946466212,6.556045501448743
0.25,2,chain5,od,14546.335661110465,16306.985456419816,0.0,7.443627858488558
0.25,2,chain5,od+uniform,3642.583915277616,4082.746364104954,2.725937936458212,1.8609069646221394
0.25,2,chain5,la,4262.980244099447,5115.797696520744,0.0,8.960212027342525
0.25,2,chain5,la+uniform,1987.0222723263591,2232.6793758444874,1.604225988454403,4.664812581800366
0.25,2,chain5,la+cp,2073.7689246727728,2431.2152467550973,3.634583915277616,3.34111773005285
0.25,2,chain5,la+slack,1898.3269996079757,2115.159060382131,3.634583915277616,4.460979891824539
0.25,2,chain5,cold,58138.252960866674,63150.12216199636,0.0,29.762689515963736
0.25,2,chain5,cold+uniform,14540.563240216668,15793.53054049909,10.8994224301625,7.440672378990934
0.25,2,chain5,prewarm,18225.70189507295,20515.65231601169,0.0,32.69930949001541
0.25,2,chain5,prewarm+slack,7664.738219234549,8292.02022232536,14.532563240216668,17.651104031582424
0.25,2,chain8,od,23469.542809016326,25772.464956565385,0.0,12.009237918216359
0.25,2,chain8,od+uniform,5877.8857022540815,6453.616239141346,4.397914276690561,3.0023094795540897
0.25,2,chain8,la,5200.032877329587,6038.123445065912,0.0,14.892945460459236
0.25,2,chain8,la+uniform,3196.6422800366854,3470.6971914783344,0.7824533495123727,11.939011061626974
0.25,2,chain8,la+cp,3093.438400098328,3387.5630555704774,5.863885702254081,7.549948737432678
0.25,2,chain8,la+slack,3053.2016256009306,3331.5014028293913,5.863885702254081,11.387623935638903
0.25,2,chain8,cold,92939.8446810339,99919.20805627844,0.0,47.57803247668936
0.25,2,chain8,cold+uniform,23245.461170258473,24990.30201406961,17.423595877693856,11.89450811917234
0.25,2,chain8,prewarm,23019.962144288715,25120.50020842542,0.0,53.0030163131087
0.25,2,chain8,prewarm+slack,12208.862514452585,13072.499771285991,23.231461170258473,44.461537033912315
0.25,2,fanout4,od,7038.143733064232,8301.540910280979,0.0,7.688553893340187
0.25,2,fanout4,od+uniform,2428.8473276126774,2735.861863530083,2.222521436312699,3.2683827071383034
0.25,2,fanout4,la,3746.5496343068135,4775.580045892016,0.0,8.121096068162808
0.25,2,fanout4,la+uniform,2008.8252969951466,2236.377878803727,1.4804797064295077,5.247168119566133
0.25,2,fanout4,la+cp,2246.050603400358,2521.4593647049333,3.8398230047992596,4.669630563638869
0.25,2,fanout4,la+slack,1973.5812289945306,2180.117932043384,3.8398230047992583,5.764240169107313
0.25,2,fanout4,cold,27591.923204807503,31006.73483516014,0.0,30.53899007926406
0.25,2,fanout4,cold+uniform,9647.376257812864,10640.948039232626,8.788364796681016,13.217062272286958
0.25,2,fanout4,prewarm,14227.789902231863,16495.021497120997,0.0,34.26394638903283
0.25,2,fanout4,prewarm+slack,7882.570092659058,8488.01375142657,15.352139229214622,23.00738871428126
0.25,2,ml,od,8469.104191208704,9471.538372051697,0.0,5.162594278438688
0.25,2,ml,od+uniform,2123.276047802176,2373.884593012924,1.586457035851632,1.290648569609672
0.25,2,ml,la,3449.0994501558416,4316.186337075602,0.0,5.443290018436948
0.25,2,ml,la+uniform,1168.440466936309,1378.3792720415927,1.2983690438896214,2.2978851635813045
0.25,2,ml,la+cp,1245.1066125921548,1462.5810363146059,2.1152760478021757,1.8852957350719297
0.25,2,ml,la+slack,1126.7838064625869,1269.835593784792,2.1152760478021757,2.4792202864509383
0.25,2,ml,cold,35334.18655270738,39314.940677254235,0.0,21.559350740082174
0.25,2,ml,cold+uniform,8839.546638176846,9834.735169313559,6.623659978632634,5.389837685020543
0.25,2,ml,prewarm,13527.705214322339,15626.942614638941,0.0,24.38886492125285
0.25,2,ml,prewarm+slack,4688.91299899305,5181.729702183016,8.831546638176844,10.631248013562884
0.25,2,mixed,od,6070.803062064716,7393.839788018669,0.0,5.143110351985517
0.25,2,mixed,od+uniform,1520.700765516179,1851.4599470046674,1.5265979721849006,1.2857775879963793
0.25,2,mixed,la,3247.682506980979,4372.335974946447,0.0,5.323086796932531
0.25,2,mixed,la+uniform,1107.2677541476685,1413.8915193086023,1.2843183109316694,1.9561914566273366
0.25,2,mixed,la+cp,1100.222282142498,1361.3136051498775,2.0354639629132008,2.0288996097038625
0.25,2,mixed,la+slack,1030.942962992658,1200.6261965518538,2.0354639629132008,2.205686683415828
0.25,2,mixed,cold,25006.54993772489,28437.091954494223,0.0,21.20875355521201
0.25,2,mixed,cold+uniform,6254.637484431222,7112.272988623556,6.310612342313001,5.302188388803002
0.25,2,mixed,prewarm,13145.220931839356,15149.686678522447,0.0,21.960888351225975
0.25,2,mixed,prewarm+slack,4245.958687414624,4707.606098833405,8.414149789750669,9.297918174286282
0.25,2,router,od,12278.703533304788,14061.547418095559,0.0,6.223959431966659
0.25,2,router,od+uniform,3077.175883326197,3522.8868545238897,2.3003819124946476,1.5559898579916647
0.25,2,router,la,4606.302059831524,5612.125373840098,0.0,16.27266357166256
0.25,2,router,la+uniform,2785.274121315156,3211.180348259478,0.9159672972629084,13.285905823387605
0.25,2,router,la+cp,1912.2082741353477,2571.8469373615135,5.3037154290142805,9.322416811836327
0.25,2,router,la+slack,2064.6146726443467,2994.6525261339284,5.3037154290142805,10.606171748962224
0.25,2,router,cold,49561.18575586511,52895.858870012016,0.0,24.908621944427182
0.25,2,router,cold+uniform,12397.796438966277,13231.464717503004,9.29084732922471,6.2271554861067955
0.25,2,router,prewarm,24820.671240628468,38464.024585357954,0.0,53.300121977060066
0.25,2,router,prewarm+slack,8735.47425816968,12385.93371927031,14.652890579805511,20.6974246111964
0.25,2,trip,od,12407.354842209543,18763.830568512774,0.0,6.259226960708857
0.25,2,trip,od+uniform,3108.0787105523855,4699.957642128194,2.3248190329142893,1.5648067401772143
0.25,2,trip,la,4283.994430031904,5104.800239546319,0.0,12.997678031683659
0.25,2,trip,la+uniform,2625.1543037239503,2929.9641201272298,1.0147832737065934,9.723299585633102
0.25,2,trip,la+cp,1685.545558648961,2840.30050295374,4.994226042821658,6.522413636767732
0.25,2,trip,la+slack,1640.1035697933928,2843.8435200069657,4.9942260428216585,7.087605415352399
0.25,2,trip,cold,50245.27664623249,73955.5994431219,0.0,25.272047911919373
0.25,2,trip,cold+uniform,12567.559161558123,18497.899860780475,9.419429371168592,6.318011977979843
0.25,2,trip,prewarm,20909.965579355285,51999.18029313651,0.0,29.91439922709149
0.25,2,trip,prewarm+slack,6926.587400688228,15122.660409417584,12.764508203500055,13.988719908226257
0.25,4,chain3,od,8642.77607428744,10069.063265190956,0.0,4.423053350035169
0.25,4,chain3,od+uniform,2163.69401857186,2520.265816297739,1.619770513928895,1.1057633375087923
0.25,4,chain3,la,3631.2289919622726,4509.573859653919,0.0,5.045830228951736
0.25,4,chain3,la+uniform,910.2519134097556,1129.6284649134795,1.619770513928895,1.263292905932558
0.25,4,chain3,la+cp,910.2519134097556,1129.6284649134795,2.1596940185718596,1.263292905932558
0.25,4,chain3,la+slack,910.2519134097556,1129.6284649134795,2.1596940185718596,1.263292905932558
0.25,4,chain3,cold,35004.40378586485,38654.496733197266,0.0,17.9202067383628
0.25,4,chain3,cold+uniform,8754.100946466213,9666.624183299316,6.562575709849659,4.4800516845907
0.25,4,chain3,prewarm,15069.069675784429,16961.581560788793,0.0,19.288143090998624
0.25,4,chain3,prewarm+slack,3720.811763767643,4243.395390197198,8.750100946466212,5.11991690954307
0.25,4,chain5,od,14546.335661110465,16306.985456419816,0.0,7.443627858488558
0.25,4,chain5,od+uniform,3642.583915277616,4082.746364104954,2.725937936458212,1.8609069646221394
0.25,4,chain5,la,4262.980244099447,5115.797696520744,0.0,8.960212027342525
0.25,4,chain5,la+uniform,1207.5082224739092,1419.403416280581,2.551513989299264,2.673178957912012
0.25,4,chain5,la+cp,1320.6552802255846,1613.1682061655877,3.634583915277616,2.4453340564556494
0.25,4,chain5,la+slack,1088.4455934494074,1284.1844241301858,3.634583915277616,2.381615862881018
0.25,4,chain5,cold,58138.252960866674,63150.12216199636,0.0,29.762689515963736
0.25,4,chain5,cold+uniform,14540.563240216668,15793.53054049909,10.8994224301625,7.440672378990934
0.25,4,chain5,prewarm,18225.70189507295,20515.65231601169,0.0,32.69930949001541
0.25,4,chain5,prewarm+slack,4530.0470288456145,5014.681597966119,14.532563240216668,9.626446703087439
0.25,4,chain8,od,23469.542809016326,25772.464956565385,0.0,12.009237918216359
0.25,4,chain8,od+uniform,5877.8857022540815,6453.616239141346,4.397914276690561,3.0023094795540897
0.25,4,chain8,la,5200.032877329587,6038.123445065912,0.0,14.892945460459236
0.25,4,chain8,la+uniform,1892.2509177898742,2101.0777738494303,3.2396516257253114,6.618178603171444
0.25,4,chain8,la+cp,1748.9921864139799,2010.779441327231,5.863885702254081,4.877742024195315
0.25,4,chain8,la+slack,1699.0309317232768,1829.7070032499455,5.863885702254081,5.848436654532209
0.25,4,chain8,cold,92939.8446810339,99919.20805627844,0.0,47.57803247668936
0.25,4,chain8,cold+uniform,23245.461170258473,24990.30201406961,17.423595877693856,11.89450811917234
0.25,4,chain8,prewarm,23019.962144288715,25120.50020842542,0.0,53.0030163131087
0.25,4,chain8,prewarm+slack,6989.235161454918,7404.219504497417,23.231461170258473,23.11596117951301
0.25,4,fanout4,od,7038.143733064232,8301.540910280979,0.0,7.688553893340187
0.25,4,fanout4,od+uniform,1764.035933266058,2079.8852275702448,2.879867253599445,1.9221384733350468
0.25,4,fanout4,la,3746.5496343068135,4775.580045892016,0.0,8.121096068162808
0.25,4,fanout4,la+uniform,1128.1905562497843,1383.9435212088258,2.6172905282760226,2.765015947800466
0.25,4,fanout4,la+cp,1446.3890807602318,1693.9336816970206,3.83982300479926,2.6504264046375106
0.25,4,fanout4,la+slack,1043.8441530007863,1196.895011473004,3.839823004799257,2.914798001304053
0.25,4,fanout4,cold,27591.923204807503,31006.73483516014,0.0,30.53899007926406
0.25,4,fanout4,cold+uniform,6902.480801201876,7756.183708790035,11.51410442191097,7.634747519816015
0.25,4,fanout4,prewarm,14227.789902231863,16495.021497120997,0.0,34.26394638903283
0.25,4,fanout4,prewarm+slack,4146.804213306844,4451.702029495943,15.352139229214622,11.630242543518616
0.25,4,ml,od,8469.104191208704,9471.538372051697,0.0,5.162594278438688
0.25,4,ml,od+uniform,2123.276047802176,2373.884593012924,1.586457035851632,1.290648569609672
0.25,4,ml,la,3449.0994501558416,4316.186337075602,0.0,5.443290018436948
0.25,4,ml,la+uniform,869.856914806608,1099.1230226973748,1.5670922416920554,1.5839960315481372
0.25,4,ml,la+cp,854.3650794789467,1082.0465842689007,2.115276047802176,1.5443369331093242
0.25,4,ml,la+slack,854.3650794789467,1082.0465842689005,2.115276047802176,1.5470259446696377
0.25,4,ml,cold,35334.18655270738,39314.940677254235,0.0,21.559350740082174
0.25,4,ml,cold+uniform,8839.546638176846,9834.735169313559,6.623659978632634,5.389837685020543
0.25,4,ml,prewarm,13527.705214322339,15626.942614638941,0.0,24.38886492125285
0.25,4,ml,prewarm+slack,3384.883105714902,3908.9706536597355,8.831546638176844,6.415892269341992
0.25,4,mixed,od,6070.803062064716,7393.839788018669,0.0,5.143110351985517
0.25,4,mixed,od+uniform,1520.700765516179,1851.4599470046674,1.5265979721849006,1.2857775879963793
0.25,4,mixed,la,3247.682506980979,4372.335974946447,0.0,5.323086796932531
0.25,4,mixed,la+uniform,812.8567449798899,1093.8489937366119,1.5265979721849006,1.331250991769271
0.25,4,mixed,la+cp,812.8567449798899,1093.8489937366119,2.0354639629132008,1.331250991769271
0.25,4,mixed,la+slack,812.8567449798899,1093.8489937366119,2.0354639629132008,1.331250991769271
0.25,4,mixed,cold,25006.54993772489,28437.091954494223,0.0,21.20875355521201
0.25,4,mixed,cold+uniform,6254.637484431222,7112.272988623556,6.310612342313001,5.302188388803002
0.25,4,mixed,prewarm,13145.220931839356,15149.686678522447,0.0,21.960888351225975
0.25,4,mixed,prewarm+slack,3287.625232959839,3788.9216696306116,8.414149789750669,5.490897927806494
0.25,4,router,od,12278.703533304788,14061.547418095559,0.0,6.223959431966659
0.25,4,router,od+uniform,3077.175883326197,3522.8868545238897,2.3003819124946476,1.5559898579916647
0.25,4,router,la,4606.302059831524,5612.125373840098,0.0,16.27266357166256
0.25,4,router,la+uniform,1563.9513597269693,1964.2226211660854,2.9662725064775683,7.31456800710471
0.25,4,router,la+cp,1268.0606190178048,1833.4690387405067,5.3037154290142805,6.084030501223886
0.25,4,router,la+slack,1266.8869723679677,1832.4124408792338,5.3037154290142805,6.150436186687933
0.25,4,router,cold,49561.18575586511,52895.858870012016,0.0,24.908621944427182
0.25,4,router,cold+uniform,12397.796438966277,13231.464717503004,9.29084732922471,6.2271554861067955
0.25,4,router,prewarm,24820.671240628468,38464.024585357954,0.0,53.300121977060066
0.25,4,router,prewarm+slack,6211.107810157117,9622.006146339489,14.652890579805511,14.144548150955076
0.25,4,trip,od,12407.354842209543,18763.830568512774,0.0,6.259226960708857
0.25,4,trip,od+uniform,3108.0787105523855,4699.957642128194,2.3248190329142893,1.5648067401772143
0.25,4,trip,la,4283.994430031904,5104.800239546319,0.0,12.997678031683659
0.25,4,trip,la+uniform,1481.2061179774294,1731.6386499840794,2.9496854216317203,5.344390086054402
0.25,4,trip,la+cp,1065.2132921555335,1729.053891040727,4.994226042821658,4.125317610306497
0.25,4,trip,la+slack,1065.1999588222002,1728.713891040728,4.9942260428216585,4.125153915174686
0.25,4,trip,cold,50245.27664623249,73955.5994431219,0.0,25.272047911919373
0.25,4,trip,cold+uniform,12567.559161558123,18497.899860780475,9.419429371168592,6.318011977979843
0.25,4,trip,prewarm,20909.965579355285,51999.18029313651,0.0,29.91439922709149
0.25,4,trip,prewarm+slack,4820.169943967285,13008.795073284127,12.764508203500055,9.16659284442775
0.5,1,chain3,od,4323.38803714372,5036.531632595478,0.0,2.2115266750175846
0.5,1,chain3,od+uniform,2163.69401857186,2520.265816297739,1.0798470092859298,1.1057633375087923
0.5,1,chain3,la,2395.6761547132737,2829.5453531593885,0.0,3.412630987509935
0.5,1,chain3,la+uniform,2162.85401857186,2518.265816297739,0.11647106807070691,3.1803932306023333
0.5,1,chain3,la+cp,2159.69401857186,2516.265816297739,2.1596940185718596,2.2143946208081635
0.5,1,chain3,la+slack,2161.330740422941,2517.92972250398,2.15969401857186,3.192142615456044
0.5,1,chain3,cold,17504.201892932426,19329.248366598633,0.0,8.9601033691814
0.5,1,chain3,cold+uniform,8754.100946466213,9666.624183299316,4.375050473233106,4.4800516845907
0.5,1,chain3,prewarm,9621.15206108079,10620.847806439142,0.0,12.846043600316962
0.5,1,chain3,prewarm+slack,8751.727965207341,9664.244823408226,8.750100946466212,12.807097146489317
0.5,1,chain5,od,7277.167830555232,8157.492728209908,0.0,3.721813929244279
0.5,1,chain5,od+uniform,3642.583915277616,4082.746364104954,1.817291957638808,1.8609069646221394
0.5,1,chain5,la,3936.6595604390345,4444.625468205806,0.0,9.09009496796504
0.5,1,chain5,la+uniform,3641.103915277616,4081.726364104954,0.1631773128163324,8.868412425431579
0.5,1,chain5,la+cp,3634.583915277616,4074.746364104954,3.634583915277616,5.551899518873808
0.5,1,chain5,la+slack,3636.4089846808997,4076.558953839126,3.634583915277616,8.86179447053412
0.5,1,chain5,cold,29073.126480433337,31579.06108099818,0.0,14.881344757981868
0.5,1,chain5,cold+uniform,14540.563240216668,15793.53054049909,7.266281620108334,7.440672378990934
0.5,1,chain5,prewarm,15699.10597560863,17022.243749067788,0.0,32.97771488061206
0.5,1,chain5,prewarm+slack,14534.36876065382,15787.35156894939,14.532563240216668,34.9807018642017
0.5,1,chain8,od,11741.771404508163,12893.232478282693,0.0,6.004618959108179
0.5,1,chain8,od+uniform,5877.8857022540815,6453.616239141346,2.9319428511270407,3.0023094795540897
0.5,1,chain8,la,6289.808652169905,6825.2577162900025,0.0,22.430011736807167
0.5,1,chain8,la+uniform,5875.605702254081,6448.596239141346,0.25282531204954045,22.833486808977245
0.5,1,chain8,la+cp,5863.8857022540815,6439.616239141346,5.863885702254081,13.427977924719237
0.5,1,chain8,la+slack,5865.805582805972,6441.53154081586,5.863885702254082,22.75136515258511
0.5,1,chain8,cold,46476.92234051695,49966.60402813922,0.0,23.78901623834468
0.5,1,chain8,cold+uniform,23245.461170258473,24990.30201406961,11.615730585129239,11.89450811917234
0.5,1,chain8,prewarm,25035.604964123686,26866.482802949988,0.0,80.52077452840055
0.5,1,chain8,prewarm+slack,23233.349037275657,24978.186773537767,23.231461170258477,88.77204721229026
0.5,1,fanout4,od,4851.694655225355,5465.723727060166,0.0,6.536765414276607
0.5,1,fanout4,od+uniform,3845.82300479926,4255.298639899769,0.5029358252130472,6.0656100343806205
0.5,1,fanout4,la,4013.9705939902933,4468.755757607454,0.0,10.10656979154669
0.5,1,fanout4,la+uniform,3843.50300479926,4253.298639899768,0.08523379459551655,10.344095898539276
0.5,1,fanout4,la+cp,3839.82300479926,4249.298639899769,3.83982300479926,8.821711600927257
0.5,1,fanout4,la+slack,3843.307999305919,4252.852094091732,3.839823004799259,11.469654058513035
0.5,1,fanout4,cold,19288.75251562573,21275.89607846525,0.0,26.434124544573915
0.5,1,fanout4,cold+uniform,15358.139229214625,16564.402292385123,1.965306643205552,24.647198307473303
0.5,1,fanout4,prewarm,15940.544843925774,17543.147458067222,0.0,42.37322958636686
0.5,1,fanout4,prewarm+slack,15354.128309369791,16560.393169711882,15.352139229214623,45.75906746142254
0.5,1,ml,od,4238.552095604352,4739.769186025848,0.0,2.581297139219344
0.5,1,ml,od+uniform,2123.276047802176,2373.884593012924,1.0576380239010879,1.290648569609672
0.5,1,ml,la,2331.0229773851056,2752.758544083186,0.0,4.1712394992858925
0.5,1,ml,la+uniform,2118.916047802176,2369.8845930129237,0.10716244303522116,4.390132794245188
0.5,1,ml,la+cp,2115.276047802176,2365.884593012924,2.1152760478021757,2.8603593599532777
0.5,1,ml,la+slack,2117.523640297778,2368.6245354612283,2.115276047802176,4.953187190391689
0.5,1,ml,cold,17671.09327635369,19661.470338627118,0.0,10.779675370041087
0.5,1,ml,cold+uniform,8839.546638176846,9834.735169313559,4.415773319088423,5.389837685020543
0.5,1,ml,prewarm,9721.09440898988,10963.227581001558,0.0,19.230561179785568
0.5,1,ml,prewarm+slack,8833.491234748984,9828.686567705423,8.831546638176846,21.050177787391085
0.5,1,mixed,od,3037.401531032358,3698.9198940093347,0.0,2.5715551759927586
0.5,1,mixed,od+uniform,2039.3039629132008,2340.368956301884,0.4991287840595785,2.082352099198205
0.5,1,mixed,la,2213.2808578876425,2826.763038617205,0.0,3.9117405322459335
0.5,1,mixed,la+uniform,2036.660081147846,2337.7130933638437,0.08833965445642315,3.7810674106742574
0.5,1,mixed,la+cp,2035.4639629132007,2336.368956301884,2.0354639629132008,3.568920519919515
0.5,1,mixed,la+slack,2035.4639629132362,2336.3689563019184,2.0354639629132008,4.47354200321316
0.5,1,mixed,cold,12505.274968862444,14220.545977247111,0.0,10.604376777606005
0.5,1,mixed,cold+uniform,8418.109789750668,9373.109504547692,2.0436025895558876,8.625281849773671
0.5,1,mixed,prewarm,9152.391111648334,10188.720547581786,0.0,16.489632465811066
0.5,1,mixed,prewarm+slack,8414.1497897507,9370.089504547708,8.414149789750669,18.66226091067174
0.5,1,router,od,6144.351766652394,7035.773709047779,0.0,3.1119797159833293
0.5,1,router,od+uniform,3077.175883326197,3522.8868545238897,1.5335879416630984,1.5559898579916647
0.5,1,router,la,5533.922643173901,6340.676221452149,0.0,24.21298267978037
0.5,1,router,la+uniform,5309.39542901428,5900.199689175993,0.1275947401413491,25.584466373354797
0.5,1,router,la+cp,3067.175883326197,3512.8868545238897,5.3037154290142805,16.490380654088487
0.5,1,router,la+slack,3070.947446017773,3516.726005112892,5.3037154290142805,17.878662268142488
0.5,1,router,cold,24785.592877932555,26452.929435006008,0.0,12.454310972213591
0.5,1,router,cold+uniform,12397.796438966277,13231.464717503004,6.193898219483139,6.2271554861067955
0.5,1,router,prewarm,18120.473625404615,25072.058967393772,0.0,40.141682859214214
0.5,1,router,prewarm+slack,12390.456577617217,13224.350115174098,14.652890579805511,29.269366893130023
0.5,1,trip,od,6207.837421104771,9387.915284256387,0.0,3.1296134803544287
0.5,1,trip,od+uniform,3108.0787105523855,4699.957642128194,1.5498793552761927,1.5648067401772143
0.5,1,trip,la,5204.198963641305,5813.972879741619,0.0,18.352612375083808
0.5,1,trip,la+uniform,4998.812099546787,5517.0973461965505,0.12331741793472743,18.770074576451293
0.5,1,trip,la+cp,3099.7587105523858,4687.957642128194,4.994226042821658,11.908911060974575
0.5,1,trip,la+slack,3101.7489771664295,4689.957507312638,4.994226042821658,13.007909158500949
0.5,1,trip,cold,25126.798323116243,36983.79972156095,0.0,12.636023955959686
0.5,1,trip,cold+uniform,12567.559161558123,18497.899860780475,6.279619580779062,6.318011977979843
0.5,1,trip,prewarm,14473.935697565275,30835.946862580608,0.0,25.43308411425482
0.5,1,trip,prewarm+slack,12561.321508936391,18489.36757668153,12.764508203500057,23.44391518176479
0.5,2,chain3,od,4323.38803714372,5036.531632595478,0.0,2.2115266750175846
0.5,2,chain3,od+uniform,2163.69401857186,2520.265816297739,1.0798470092859298,1.1057633375087923
0.5,2,chain3,la,1817.2238268195113,2256.276929826959,0.0,2.524128211865116
0.5,2,chain3,la+uniform,1199.4780773566367,1416.2626765796942,0.6460077633656081,1.7075442937549674
0.5,2,chain3,la+cp,1332.9758456473576,1551.6293837202568,2.1596940185718596,1.4797275592382102
0.5,2,chain3,la+slack,1136.091808741817,1315.971777075905,2.1596940185718596,1.6258898487884315
0.5,2,chain3,cold,17504.201892932426,19329.248366598633,0.0,8.9601033691814
0.5,2,chain3,cold+uniform,8754.100946466213,9666.624183299316,4.375050473233106,4.4800516845907
0.5,2,chain3,prewarm,7536.5348378922145,8482.790780394396,0.0,9.644071545499312
0.5,2,chain3,prewarm+slack,4652.828561775874,5106.365488228871,8.750100946466212,6.556045501448743
0.5,2,chain5,od,7277.167830555232,8157.492728209908,0.0,3.721813929244279
0.5,2,chain5,od+uniform,3642.583915277616,4082.746364104954,1.817291957638808,1.8609069646221394
0.5,2,chain5,la,2366.979974498801,2790.340580844434,0.0,5.074429430719397
0.5,2,chain5,la+uniform,1987.0222723263591,2232.6793758444874,0.2715638502669813,4.664812581800366
0.5,2,chain5,la+cp,2073.7689246727728,2431.2152467550973,3.634583915277616,3.34111773005285
0.5,2,chain5,la+slack,1898.3269996079757,2115.159060382131,3.634583915277616,4.460979891824539
0.5,2,chain5,cold,29073.126480433337,31579.06108099818,0.0,14.881344757981868
0.5,2,chain5,cold+uniform,14540.563240216668,15793.53054049909,7.266281620108334,7.440672378990934
0.5,2,chain5,prewarm,9776.159559130761,10947.97926960019,0.0,18.037484790689078
0.5,2,chain5,prewarm+slack,7664.738219234549,8292.02022232536,14.532563240216668,17.651104031582424
0.5,2,chain8,od,11741.771404508163,12893.232478282693,0.0,6.004618959108179
0.5,2,chain8,od+uniform,5877.8857022540815,6453.616239141346,2.9319428511270407,3.0023094795540897
0.5,2,chain8,la,3552.304253782596,4002.9573083479722,0.0,11.307648988313076
0.5,2,chain8,la+uniform,3196.6422800366854,3470.6971914783344,0.3341546006316649,11.939011061626974
0.5,2,chain8,la+cp,3093.438400098328,3387.5630555704774,5.863885702254081,7.549948737432678
0.5,2,chain8,la+slack,3053.2016256009306,3331.5014028293913,5.863885702254081,11.387623935638903
0.5,2,chain8,cold,46476.92234051695,49966.60402813922,0.0,23.78901623834468
0.5,2,chain8,cold+uniform,23245.461170258473,24990.30201406961,11.615730585129239,11.89450811917234
0.5,2,chain8,prewarm,14423.68188569352,15893.396937209383,0.0,38.17620060739964
0.5,2,chain8,prewarm+slack,12208.862514452585,13072.499771285991,23.231461170258473,44.461537033912315
0.5,2,fanout4,od,3522.071866532116,4153.7704551404895,0.0,3.8442769466700937
0.5,2,fanout4,od+uniform,2428.8473276126774,2735.861863530083,0.6052198678261376,3.2683827071383034
0.5,2,fanout4,la,2250.5050202946427,2762.900087358079,0.0,5.1412973366662715
0.5,2,fanout4,la+uniform,2008.8252969951466,2236.377878803727,0.17144330935344457,5.247168119566133
0.5,2,fanout4,la+cp,2246.050603400358,2521.4593647049333,3.8398230047992596,4.669630563638869
0.5,2,fanout4,la+slack,1973.5812289945306,2180.117932043384,3.8398230047992583,5.764240169107313
0.5,2,fanout4,cold,13798.961602403751,15506.36741758007,0.0,15.26949503963203
0.5,2,fanout4,cold+uniform,9647.376257812864,10640.948039232626,2.224590364147407,13.217062272286958
0.5,2,fanout4,prewarm,8756.001498125683,9949.42892644563,0.0,21.864521858009773
0.5,2,fanout4,prewarm+slack,7882.570092659058,8488.01375142657,15.352139229214622,23.00738871428126
0.5,2,ml,od,4238.552095604352,4739.769186025848,0.0,2.581297139219344
0.5,2,ml,od+uniform,2123.276047802176,2373.884593012924,1.0576380239010879,1.290648569609672
0.5,2,ml,la,1726.4497250779207,2160.093168537801,0.0,2.7221416492184742
0.5,2,ml,la+uniform,1168.4404669363091,1378.3792720415927,0.5589212166153731,2.2978851635813045
0.5,2,ml,la+cp,1245.1066125921548,1462.5810363146059,2.1152760478021757,1.8852957350719297
0.5,2,ml,la+slack,1126.7838064625869,1269.835593784792,2.1152760478021757,2.4792202864509383
0.5,2,ml,cold,17671.09327635369,19661.470338627118,0.0,10.779675370041087
0.5,2,ml,cold+uniform,8839.546638176846,9834.735169313559,4.415773319088423,5.389837685020543
0.5,2,ml,prewarm,6765.81260716117,7814.961307319471,0.0,12.194442700626425
0.5,2,ml,prewarm+slack,4688.91299899305,5181.729702183016,8.831546638176844,10.631248013562884
0.5,2,mixed,od,3037.401531032358,3698.9198940093347,0.0,2.5715551759927586
0.5,2,mixed,od+uniform,1520.700765516179,1851.4599470046674,1.0177319814566004,1.2857775879963793
0.5,2,mixed,la,1624.4588395520846,2186.6779874732238,0.0,2.6618596025298022
0.5,2,mixed,la+uniform,1107.2677541476687,1413.8915193086023,0.5331726589501378,1.9561914566273366
0.5,2,mixed,la+cp,1100.222282142498,1361.3136051498775,2.0354639629132008,2.0288996097038625
0.5,2,mixed,la+slack,1030.942962992658,1200.6261965518538,2.0354639629132008,2.205686683415828
0.5,2,mixed,cold,12505.274968862444,14220.545977247111,0.0,10.604376777606005
0.5,2,mixed,cold+uniform,6254.637484431222,7112.272988623556,4.207074894875334,5.302188388803002
0.5,2,mixed,prewarm,6573.490465919678,7575.843339261223,0.0,10.980894735612988
0.5,2,mixed,prewarm+slack,4245.958687414624,4707.606098833405,8.414149789750669,9.297918174286282
0.5,2,router,od,6144.351766652394,7035.773709047779,0.0,3.1119797159833293
0.5,2,router,od+uniform,3077.175883326197,3522.8868545238897,1.5335879416630984,1.5559898579916647
0.5,2,router,la,3047.0789947729413,3740.209254018207,0.0,12.02605533755358
0.5,2,router,la+uniform,2785.274121315156,3211.180348259478,0.2190751082638973,13.285905823387605
0.5,2,router,la+cp,1912.2082741353477,2571.8469373615135,5.3037154290142805,9.322416811836327
0.5,2,router,la+slack,2064.6146726443467,2994.6525261339284,5.3037154290142805,10.606171748962224
0.5,2,router,cold,24785.592877932555,26452.929435006008,0.0,12.454310972213591
0.5,2,router,cold+uniform,12397.796438966277,13231.464717503004,6.193898219483139,6.2271554861067955
0.5,2,router,prewarm,12839.15376531638,19667.233798557296,0.0,27.689592176551425
0.5,2,router,prewarm+slack,8735.47425816968,12385.93371927031,14.652890579805511,20.6974246111964
0.5,2,trip,od,6207.837421104771,9387.915284256387,0.0,3.1296134803544287
0.5,2,trip,od+uniform,3108.0787105523855,4699.957642128194,1.5498793552761927,1.5648067401772143
0.5,2,trip,la,2869.2336062381496,3396.477299968159,0.0,9.436325332618788
0.5,2,trip,la+uniform,2625.1543037239503,2929.9641201272298,0.21932694652962284,9.723299585633102
0.5,2,trip,la+cp,1685.545558648961,2840.30050295374,4.994226042821658,6.522413636767732
0.5,2,trip,la+slack,1640.1035697933928,2843.8435200069657,4.9942260428216585,7.087605415352399
0.5,2,trip,cold,25126.798323116243,36983.79972156095,0.0,12.636023955959686
0.5,2,trip,cold+uniform,12567.559161558123,18497.899860780475,6.279619580779062,6.318011977979843
0.5,2,trip,prewarm,10459.462789677642,26005.590146568255,0.0,14.957312253545746
0.5,2,trip,prewarm+slack,6926.587400688228,15122.660409417584,12.764508203500055,13.988719908226257
0.5,4,chain3,od,4323.38803714372,5036.531632595478,0.0,2.2115266750175846
0.5,4,chain3,od+uniform,2163.69401857186,2520.265816297739,1.0798470092859298,1.1057633375087923
0.5,4,chain3,la,1817.2238268195113,2256.276929826959,0.0,2.524128211865116
0.5,4,chain3,la+uniform,910.2519134097556,1129.6284649134795,1.0798470092859298,1.263292905932558
0.5,4,chain3,la+cp,910.2519134097556,1129.6284649134795,2.1596940185718596,1.263292905932558
0.5,4,chain3,la+slack,910.2519134097556,1129.6284649134795,2.1596940185718596,1.263292905932558
0.5,4,chain3,cold,17504.201892932426,19329.248366598633,0.0,8.9601033691814
0.5,4,chain3,cold+uniform,8754.100946466213,9666.624183299316,4.375050473233106,4.4800516845907
0.5,4,chain3,prewarm,7536.5348378922145,8482.790780394396,0.0,9.644071545499312
0.5,4,chain3,prewarm+slack,3720.811763767643,4243.395390197198,8.750100946466212,5.11991690954307
0.5,4,chain5,od,7277.167830555232,8157.492728209908,0.0,3.721813929244279
0.5,4,chain5,od+uniform,3642.583915277616,4082.746364104954,1.817291957638808,1.8609069646221394
0.5,4,chain5,la,2135.1501220497234,2561.3888482603716,0.0,4.480945008449758
0.5,4,chain5,la+uniform,1207.5082224739092,1419.403416280581,1.4684440633209124,2.673178957912012
0.5,4,chain5,la+cp,1320.6552802255846,1613.1682061655877,3.634583915277616,2.4453340564556494
0.5,4,chain5,la+slack,1088.4455934494074,1284.1844241301858,3.634583915277616,2.381615862881018
0.5,4,chain5,cold,29073.126480433337,31579.06108099818,0.0,14.881344757981868
0.5,4,chain5,cold+uniform,14540.563240216668,15793.53054049909,7.266281620108334,7.440672378990934
0.5,4,chain5,prewarm,9116.850947536475,10261.826158005844,0.0,16.349654745007705
0.5,4,chain5,prewarm+slack,4530.0470288456145,5014.681597966119,14.532563240216668,9.626446703087439
0.5,4,chain8,od,11741.771404508163,12893.232478282693,0.0,6.004618959108179
0.5,4,chain8,od+uniform,5877.8857022540815,6453.616239141346,2.9319428511270407,3.0023094795540897
0.5,4,chain8,la,2606.756438664793,3025.551722532956,0.0,7.446891885008115
0.5,4,chain8,la+uniform,1892.2509177898742,2101.0777738494303,0.6154175491965402,6.618178603171444
0.5,4,chain8,la+cp,1748.9921864139799,2010.779441327231,5.863885702254081,4.877742024195315
0.5,4,chain8,la+slack,1699.0309317232768,1829.7070032499455,5.863885702254081,5.848436654532209
0.5,4,chain8,cold,46476.92234051695,49966.60402813922,0.0,23.78901623834468
0.5,4,chain8,cold+uniform,23245.461170258473,24990.30201406961,11.615730585129239,11.89450811917234
0.5,4,chain8,prewarm,11516.981072144357,12567.25010421271,0.0,26.50150815655435
0.5,4,chain8,prewarm+slack,6989.235161454918,7404.219504497417,23.231461170258473,23.11596117951301
0.5,4,fanout4,od,3522.071866532116,4153.7704551404895,0.0,3.8442769466700937
0.5,4,fanout4,od+uniform,1764.035933266058,2079.8852275702448,1.9199115023996298,1.9221384733350468
0.5,4,fanout4,la,1875.1148171534066,2389.790022946008,0.0,4.060937154081404
0.5,4,fanout4,la+uniform,1128.1905562497843,1383.9435212088258,1.394758051752785,2.765015947800466
0.5,4,fanout4,la+cp,1446.3890807602318,1693.9336816970206,3.83982300479926,2.6504264046375106
0.5,4,fanout4,la+slack,1043.8441530007863,1196.895011473004,3.839823004799257,2.914798001304053
0.5,4,fanout4,cold,13798.961602403751,15506.36741758007,0.0,15.26949503963203
0.5,4,fanout4,cold+uniform,6902.480801201876,7756.183708790035,7.676069614607312,7.634747519816015
0.5,4,fanout4,prewarm,7115.874951115931,8249.510748560499,0.0,17.132213834516413
0.5,4,fanout4,prewarm+slack,4146.804213306844,4451.702029495943,15.352139229214622,11.630242543518616
0.5,4,ml,od,4238.552095604352,4739.769186025848,0.0,2.581297139219344
0.5,4,ml,od+uniform,2123.276047802176,2373.884593012924,1.0576380239010879,1.290648569609672
0.5,4,ml,la,1726.4497250779207,2160.093168537801,0.0,2.7221416492184742
0.5,4,ml,la+uniform,869.856914806608,1099.1230226973748,1.0189084355819347,1.5839960315481372
0.5,4,ml,la+cp,854.3650794789467,1082.0465842689007,2.115276047802176,1.5443369331093242
0.5,4,ml,la+slack,854.3650794789467,1082.0465842689005,2.115276047802176,1.5470259446696377
0.5,4,ml,cold,17671.09327635369,19661.470338627118,0.0,10.779675370041087
0.5,4,ml,cold+uniform,8839.546638176846,9834.735169313559,4.415773319088423,5.389837685020543
0.5,4,ml,prewarm,6765.81260716117,7814.961307319471,0.0,12.194442700626425
0.5,4,ml,prewarm+slack,3384.883105714902,3908.9706536597355,8.831546638176844,6.415892269341992
0.5,4,mixed,od,3037.401531032358,3698.9198940093347,0.0,2.5715551759927586
0.5,4,mixed,od+uniform,1520.700765516179,1851.4599470046674,1.0177319814566004,1.2857775879963793
0.5,4,mixed,la,1624.4588395520846,2186.6779874732238,0.0,2.6618596025298022
0.5,4,mixed,la+uniform,812.8567449798899,1093.8489937366119,1.0177319814566004,1.331250991769271
0.5,4,mixed,la+cp,812.8567449798899,1093.8489937366119,2.0354639629132008,1.331250991769271
0.5,4,mixed,la+slack,812.8567449798899,1093.8489937366119,2.0354639629132008,1.331250991769271
0.5,4,mixed,cold,12505.274968862444,14220.545977247111,0.0,10.604376777606005
0.5,4,mixed,cold+uniform,6254.637484431222,7112.272988623556,4.207074894875334,5.302188388803002
0.5,4,mixed,prewarm,6573.490465919678,7575.843339261223,0.0,10.980894735612988
0.5,4,mixed,prewarm+slack,3287.625232959839,3788.9216696306116,8.414149789750669,5.490897927806494
0.5,4,router,od,6144.351766652394,7035.773709047779,0.0,3.1119797159833293
0.5,4,router,od+uniform,3077.175883326197,3522.8868545238897,1.5335879416630984,1.5559898579916647
0.5,4,router,la,2307.0310299157622,2810.062686920049,0.0,8.145117705831279
0.5,4,router,la+uniform,1563.9513597269693,1964.2226211660854,0.8064422431309597,7.31456800710471
0.5,4,router,la+cp,1268.0606190178048,1833.4690387405067,5.3037154290142805,6.084030501223886
0.5,4,router,la+slack,1266.8869723679677,1832.4124408792338,5.3037154290142805,6.150436186687933
0.5,4,router,cold,24785.592877932555,26452.929435006008,0.0,12.454310972213591
0.5,4,router,cold+uniform,12397.796438966277,13231.464717503004,6.193898219483139,6.2271554861067955
0.5,4,router,prewarm,12414.295620314233,19236.012292678977,0.0,26.653931708530035
0.5,4,router,prewarm+slack,6211.107810157117,9622.006146339489,14.652890579805511,14.144548150955076
0.5,4,trip,od,6207.837421104771,9387.915284256387,0.0,3.1296134803544287
0.5,4,trip,od+uniform,3108.0787105523855,4699.957642128194,1.5498793552761927,1.5648067401772143
0.5,4,trip,la,2146.0865458543267,2555.8901197731593,0.0,6.499832052806198
0.5,4,trip,la+uniform,1481.2061179774294,1731.6386499840794,0.9051448004417819,5.344390086054402
0.5,4,trip,la+cp,1065.2132921555335,1729.053891040727,4.994226042821658,4.125317610306497
0.5,4,trip,la+slack,1065.1999588222002,1728.713891040728,4.9942260428216585,4.125153915174686
0.5,4,trip,cold,25126.798323116243,36983.79972156095,0.0,12.636023955959686
0.5,4,trip,cold+uniform,12567.559161558123,18497.899860780475,6.279619580779062,6.318011977979843
0.5,4,trip,prewarm,10459.462789677642,26005.590146568255,0.0,14.957312253545746
0.5,4,trip,prewarm+slack,4820.169943967285,13008.795073284127,12.764508203500055,9.16659284442775
1.0,inf,chain3,od,2163.69401857186,2520.265816297739,0.0,1.1057633375087923
1.0,inf,chain3,la,910.2519134097556,1129.6284649134795,0.0,1.263292905932558
1.0,inf,chain5,od,3642.583915277616,4082.746364104954,0.0,1.8609069646221394
1.0,inf,chain5,la,1071.2350610248618,1284.1844241301858,0.0,2.2413429042248794
1.0,inf,chain8,od,5877.8857022540815,6453.616239141346,0.0,3.0023094795540897
1.0,inf,chain8,la,1310.1182193323966,1519.265861266478,0.0,3.7238965025040573
1.0,inf,fanout4,od,1764.035933266058,2079.8852275702448,0.0,1.9221384733350468
1.0,inf,fanout4,la,939.3974085767034,1196.895011473004,0.0,2.0308576970407017
1.0,inf,ml,od,2123.276047802176,2373.884593012924,0.0,1.290648569609672
1.0,inf,ml,la,865.1248625389603,1082.0465842689005,0.0,1.361572458957837
1.0,inf,mixed,od,1520.700765516179,1851.4599470046674,0.0,1.2857775879963793
1.0,inf,mixed,la,812.8567449798899,1093.8489937366119,0.0,1.331250991769271
1.0,inf,router,od,3077.175883326197,3522.8868545238897,0.0,1.5559898579916647
1.0,inf,router,la,1157.3992113464235,1409.0313434600246,0.0,4.0813636292299815
1.0,inf,trip,od,3108.0787105523855,4699.957642128194,0.0,1.5648067401772143
1.0,inf,trip,la,1077.1294894825676,1281.4350598865797,0.0,3.2509546950322
