cores,policy,n,mean_ms,p99_ms,max_ms,boost_cpu_s
2,od,160,21216.253106885873,34667.051609251255,36198.63391110415,0.0
2,od+uniform,160,19912.971885241335,26028.75615151773,26279.140715722966,4.821010256709139
2,la,160,28913.87947749546,31192.01856792441,31382.315767897577,0.0
2,la+uniform,160,28737.839764586046,30387.84961688003,30666.683745778824,0.5714631131185125
2,la+cp,160,16715.351577239613,25449.7301588552,25573.104276201062,59.8290496527337
2,la+slack,160,24438.82899282048,26772.674446038644,27277.268296980044,59.8290496473053
2,cold,160,86504.62535793532,138327.63349182613,139960.56783636118,0.0
2,cold+uniform,160,81741.50526654925,105447.12849706043,105583.74114201649,18.695684888890828
2,prewarm,160,102559.91503069292,125715.89263173165,133567.12584206054,0.0
2,prewarm+slack,160,102386.67690531503,108937.73603894183,112811.50562792813,213.897764234536
4,od,160,12803.724447644772,25755.58755901411,27227.62285572206,0.0
4,od+uniform,160,9934.690703801349,14074.567024045056,14304.428903948927,11.268817584975428
4,la,160,14524.429815264508,16251.250632070227,16498.67306255163,0.0
4,la+uniform,160,14142.2202138786,15172.479677899906,15335.456258638142,1.4833390959495076
4,la+cp,160,8066.405317256806,12625.837373847306,13143.504153565826,59.82904965273373
4,la+slack,160,11978.656454212836,13559.773936956468,13750.597637376475,59.82904965273376
4,cold,160,51992.1236253294,101838.45952423017,104311.78942655186,0.0
4,cold+uniform,160,41274.7611900329,57430.375001167005,57441.09855126328,42.86899974118601
4,prewarm,160,53066.83640909916,76321.91659524622,84419.1806946938,0.0
4,prewarm+slack,160,50702.18477682544,55517.07457546494,59077.579447951604,213.89776425320446
8,od,160,11580.782608432439,24551.13460488866,25954.947133668895,0.0
8,od+uniform,160,5054.797615017581,8441.431388655876,8793.612038526331,28.122905407114807
8,la,160,7543.670107078813,9128.796037620763,9240.799721080994,0.0
8,la+uniform,160,6866.912626795999,7597.32909430721,7726.740199843685,3.5760298860188926
8,la+cp,160,3871.5100444280465,6419.49926972144,6666.257627838214,59.82904965273362
8,la+slack,160,5771.687482152627,6935.648673770931,7160.904815111492,59.829049652733886
8,cold,160,46686.63617538585,96437.4410959786,99230.14905287675,0.0
8,cold+uniform,160,21426.939233416786,34396.27493089387,34813.07986864736,107.04701957773986
8,prewarm,160,28719.308785835656,52258.214792237835,60382.61534055255,0.0
8,prewarm+slack,160,25230.531094832106,30695.854330878945,32776.858080166356,213.89776425587235
