budget_GB,policy,cores,quota_vcpu,n,mean_ms,p50_ms,p99_ms,n_after_idle,after_idle_mean_ms,after_idle_p99_ms,hot_mean_ms,hot_p99_ms,starts_per_1000,avg_mem_GB,cpu_h,boost_cpu_h,overflow
32,od,64,0.25,432945,1486.6982013091629,437.14179837703705,14331.922892473931,794,9357.799115229447,24772.518670932343,1472.2364642643506,14228.143391817808,308.70433888831144,32.38458802031593,44.710556896706855,0.0,31529
32,od+uniform,64,0.25,432945,868.524546937538,395.23111307621,3517.334178420901,794,2348.2973722613624,6203.6296677368855,865.8057296183438,3490.5514854192734,210.59718901939044,32.28324399830173,37.24276121732631,10.920748003178202,100
32,la,64,0.25,432945,1309.1746162834804,589.174350053072,9241.932583108544,794,3409.9247490773582,6279.870150383985,1305.314864471178,9242.145858615637,452.1498111769393,32.558141234517784,53.49019288716162,0.0,34266
32,la+uniform,64,0.25,432945,802.0071424402812,399.9670398235321,2265.8739651462433,794,840.871061534098,1527.2418672052,801.9357369552529,2266.405443549156,288.4800609777223,32.46207103348805,42.54047849610684,15.06089544853784,3
32,la+cp,64,0.25,432945,802.0064509483616,399.9670398235321,2265.8739651462433,794,840.871061534098,1527.2418672052,801.9350441928408,2266.405443549156,288.4823707399323,32.46207110712274,42.540627978423295,15.061012420309543,3
32,la+slack,64,0.25,432945,802.007124359558,399.9670398235321,2265.8739651462433,794,840.871061534098,1527.2418672052,801.9357188413096,2266.405443549156,288.4800609777223,32.46207103398205,42.54047849610652,15.060895268625659,3
32,la+plan,64,0.25,432945,802.0064509483616,399.9670398235321,2265.8739651462433,794,840.871061534098,1527.2418672052,801.9350441928408,2266.405443549156,288.4823707399323,32.46207110712274,42.540627978423295,15.061012420309536,3
32,od,32,0.25,432945,1747.8830098122123,437.3319156765938,22876.817713031767,794,9367.474683069951,24772.518670932343,1733.8833759144156,22839.093248143792,312.2913996004111,32.58059907189366,44.93362176829259,0.0,32286
32,od+uniform,32,0.25,432945,873.1609385212613,395.46084690093994,3613.533002368212,794,2348.9166354601425,6203.6296677368855,870.4495019554093,3585.6525594629347,212.61823095312337,32.284858426356216,37.39612114263983,10.940062666296512,928
32,la,32,0.25,432945,1575.005528222432,599.282830029726,17471.0319516158,794,3426.505443642265,6279.870150383985,1571.6037290067798,17475.670183748007,455.93551143909735,32.76551985096813,53.764820400058014,0.0,36038
32,la+uniform,32,0.25,432945,815.0265644916943,400.5549469590187,2304.9697802740334,794,866.3845742461475,1527.2418672052,814.9322033546265,2305.305334147066,293.99808289736575,32.46674227974572,42.930381990484555,15.051798917687758,1834
32,la+cp,32,0.25,432945,814.2401953239014,400.7725955545902,2328.3854948893186,794,846.0507128113868,1614.9268495586502,814.1817492000116,2328.7115450799465,295.27307163727494,32.46407253219184,43.05665352495942,15.441263604801263,2998
32,la+slack,32,0.25,432945,813.4384302429006,400.50522938370705,2304.2888449859615,794,851.5634330550367,1680.6237929853778,813.3683823840901,2304.6467669010162,293.62621118155886,32.46660205130268,42.910216564882916,15.107272423985997,1841
32,la+plan,32,0.25,432945,814.2401953239014,400.7725955545902,2328.3854948893186,794,846.0507128113868,1614.9268495586502,814.1817492000116,2328.7115450799465,295.27307163727494,32.46407253219184,43.05665352495942,15.441263604801254,2998
