dag,policy,functions,all_snap_ms,no_snap_ms,snapshots_needed,latency_ms,snapshotted
chain3,la,3,3607.6818291756513,15009.143837430505,3,3607.6818291756513,f0 f1 f2
chain3,la+plan,3,1122.4170803055513,4699.172736197359,3,1122.4170803055513,f0 f1 f2
chain5,la,5,4216.547007469366,18074.00901572422,5,4216.547007469366,f0 f1 f2 f3 f4
chain5,la+plan,5,1867.5237814875634,7767.200840913744,5,1867.5237814875634,f0 f1 f2 f3 f4
fanout4,la,4,3696.09227173165,14539.838902223493,2,3728.8722093302968,map reduce
fanout4,la+plan,4,1948.925651549116,7974.267754007659,4,1948.925651549116,map reduce split store
ml,la,5,3443.079553201934,13785.106389112932,4,3438.6273233930087,index infer post pre
ml,la+plan,5,1105.0443148855236,4741.795595586327,5,1105.0443148855236,index infer notify post pre
mixed,la,4,3213.6237860613924,13314.52545270331,4,3213.6237860613924,a b ml pre
mixed,la+plan,4,1018.11218307442,4311.019229673774,4,1018.11218307442,a b ml pre
trip,la,8,4292.68648993536,18325.34569626113,7,4235.600381553435,cancel_car cancel_flight cancel_hotel car confirm flight hotel
trip,la+plan,8,1699.8132491797737,7035.2943402835035,8,1699.8132491797737,cancel_car cancel_flight cancel_hotel car confirm flight hotel notify
