dag,ahead_kind,theta,mean_ms,p50_ms,p99_ms,mem_GBs
trip,restore,1.01,3115.9307113132813,3031.318382492149,4675.241674122688,1.5688471132035218
trip,restore,0.5,1237.5131233282293,1116.8664996499856,3339.796157112164,1.8853061815020833
trip,restore,0.2,1237.5131233282293,1116.8664996499856,3339.796157112164,1.8853061815020833
trip,restore,0.08,1108.5216167720569,1116.8664996499856,1318.5279926767785,3.0327564190907874
trip,restore,0.01,1108.5216167720569,1116.8664996499856,1318.5279926767785,3.0327564190907874
trip,cold,1.01,12467.749229263865,12112.752713365107,18432.14955094323,6.267497056630768
trip,cold,0.5,5133.396844967388,4632.595111384753,12829.764917649449,7.307999317013702
trip,cold,0.2,5133.396844967388,4632.595111384753,12829.764917649449,7.307999317013702
trip,cold,0.08,4631.25359237201,4632.595111384753,5051.552816723666,11.72388770001742
trip,cold,0.01,4631.25359237201,4632.595111384753,5051.552816723666,11.72388770001742
router,restore,1.01,3085.368670056214,3078.752352473468,3580.949119341619,1.5574022879167018
router,restore,0.5,1522.5143187853937,1101.757585261662,2680.7565665412794,3.1938635708597087
router,restore,0.2,1132.3272644692017,1023.8199308293317,2386.4204990412236,3.375978862046904
router,restore,0.08,1043.7588403032364,1023.3202758764139,1367.6106160710617,4.611826236332983
router,restore,0.01,1043.7588403032364,1023.3202758764139,1367.6106160710617,4.611826236332983
router,cold,1.01,12443.094263681432,12464.537037730788,13652.86509644441,6.255389936077708
router,cold,0.5,6084.308946629772,4319.468969786842,9927.74385521941,12.99812169813517
router,cold,0.2,4567.999236648609,4151.38020868991,8937.800915432903,13.867671164213736
router,cold,0.08,4121.523163928096,4115.676639225718,4711.136154448918,18.453161626962984
router,cold,0.01,4121.523163928096,4115.676639225718,4711.136154448918,18.453161626962984
