budget_GB,policy,n,mean_ms,p50_ms,p99_ms,p999_ms,n_after_idle,after_idle_mean_ms,after_idle_p50_ms,after_idle_p99_ms,hot_mean_ms,avg_mem_GB,avg_idle_mem_GB,cold_boots,restores,ahead_started,ahead_unused,overflow,evictions
32,keepalive,432945,795.4119193172096,110.20654135942459,12919.740664173363,23740.96332842753,794,9487.68958383754,8846.27251864021,24352.57196647155,779.4414171880253,32.603426109134745,31.833342214683487,101224,0,0,0,28111,100842
32,snap,432945,286.24263121155695,105.87383514642715,3237.1836642551416,6065.857915476313,794,2347.16621240337,2181.20146783581,6203.6296677368855,282.45605354896605,32.51263218652304,32.17931961662384,0,65505,0,0,0,65115
32,prewarm,432945,658.090153844326,113.09547612071037,8909.223374656436,12207.806310554446,794,3658.9657002253575,3642.630820293911,9893.577698163941,652.576582930857,32.62493535349223,31.666925454083703,141890,0,80514,80649,31001,141525
32,ahead,432945,244.91974703688578,107.99858090281487,1155.3907943980396,1482.760194659233,794,850.501470996714,928.6833315342665,1451.9503215575212,243.80709916883941,32.63796997445652,32.214402504144324,0,140156,119550,444411,380,139893
32,ahead+rw,432945,242.73574478060357,107.96304631233215,1111.8981008839608,1384.5779229307134,794,818.6860086820234,900.4883918911219,1360.6745088876366,241.67753940901417,32.63887881431389,32.21762253159584,0,139799,118977,444427,292,139533
32,snap@ttl0,432945,2378.6987811904987,2233.1569445990026,5867.400277233124,6348.2273776991215,794,2349.223430973806,2182.082353991922,6203.6296677368855,2378.752936863104,2.3008766072675515,0.0,0,2171382,0,0,16348,0
32,ahead+rw@ttl0,432945,907.6991280951786,900.7269032001495,2273.8935774564743,2583.760718509555,794,836.7222129767787,902.610215112567,1752.5402951368617,907.8295354541898,3.6112483939222266,0.8172876627513266,0,2615299,2149443,443917,14536,0
32,keepalive-60min,432945,795.1430243038657,110.20441254973412,12919.740664173363,23740.96332842753,794,9432.041276279957,8840.034036107361,24352.57196647155,779.2742719185443,33.145575864715305,32.37573499895686,101174,0,0,0,28111,101107
128,keepalive,432945,272.9330080445395,103.86287033557892,3014.125713020563,11521.566776996116,794,9433.798204273997,8843.153709359467,24352.57196647155,256.10156031954017,52.89786300218444,52.57452993084982,13268,0,0,0,0,2036
128,snap,432945,209.11159882203117,103.25593566894531,625.4550159025191,2413.02682981752,794,2335.948971735474,2180.1345331557095,6203.6296677368855,205.20391638211254,49.8951203979431,49.628820679925155,0,9044,0,0,0,0
128,prewarm,432945,230.64705389600752,103.29746076464653,647.4486544430256,6090.177780332034,794,3609.2512498322226,3631.9189179465175,9893.577698163941,224.43947429634594,55.171174222036264,54.861337004704374,10978,0,7108,81026,0,16
128,ahead,432945,202.08724921409242,103.1966052800417,601.8177190800005,1042.13642982246,794,843.327422739595,927.4018385782838,1444.021100084185,200.90908533669943,59.307206901983285,59.03721122279134,0,12143,10499,444481,0,0
128,ahead+rw,432945,201.94555107259993,103.19539776444435,601.6335331004858,1001.4771420242749,794,813.4328773225503,898.7855380475521,1356.135225695405,200.82205271891692,59.301011604773,59.031150814717826,0,12137,10479,444481,0,0
128,snap@ttl0,432945,2378.6987811904987,2233.1569445990026,5867.400277233124,6348.2273776991215,794,2349.223430973806,2182.082353991922,6203.6296677368855,2378.752936863104,2.3008766072675515,0.0,0,2171382,0,0,0,0
128,ahead+rw@ttl0,432945,876.5436670583953,898.4824116304517,1307.4925955498218,1441.3074364835015,794,817.7182845243487,899.4767876709811,1356.135225695405,876.6517481544289,3.613839622948497,0.8197522540192307,0,2615863,2170732,444481,0,0
128,keepalive-60min,432945,230.50207729162562,103.29918044805527,614.4487436020374,8640.709447219968,794,4118.818846661993,351.7646209150553,23650.794263097567,223.35799220358908,83.86017092652742,83.57504175929664,5725,0,0,0,0,1898
1024,cold,432945,9595.475596047738,8973.47661241144,23241.39754488304,24461.771501402676,794,9497.243115581687,8865.598214685917,24352.57196647155,9595.656080622552,9.276073401336266,0.0,2171382,0,0,0,0,0
1024,keepalive,432945,268.0540805465826,103.82377299666405,2969.740327746868,9372.976208858518,794,9433.798204273997,8843.153709359467,24352.57196647155,251.21366866684713,53.9075003693997,53.588341526060425,12415,0,0,0,0,0
1024,snap,432945,209.11159882203117,103.25593566894531,625.4550159025191,2413.02682981752,794,2335.948971735474,2180.1345331557095,6203.6296677368855,205.20391638211254,49.8951203979431,49.628820679925155,0,9044,0,0,0,0
1024,prewarm,432945,230.64705389600752,103.29746076464653,647.4486544430256,6090.177780332034,794,3609.2512498322226,3631.9189179465175,9893.577698163941,224.43947429634594,55.17614722577643,54.866310008444636,10978,0,7108,81026,0,0
1024,ahead,432945,202.08724921409242,103.1966052800417,601.8177190800005,1042.13642982246,794,843.327422739595,927.4018385782838,1444.021100084185,200.90908533669943,59.307206901983285,59.03721122279134,0,12143,10499,444481,0,0
1024,ahead+rw,432945,201.94555107259993,103.19539776444435,601.6335331004858,1001.4771420242749,794,813.4328773225503,898.7855380475521,1356.135225695405,200.82205271891692,59.301011604773,59.031150814717826,0,12137,10479,444481,0,0
1024,snap@ttl0,432945,2378.6987811904987,2233.1569445990026,5867.400277233124,6348.2273776991215,794,2349.223430973806,2182.082353991922,6203.6296677368855,2378.752936863104,2.3008766072675515,0.0,0,2171382,0,0,0,0
1024,ahead+rw@ttl0,432945,876.5436670583953,898.4824116304517,1307.4925955498218,1441.3074364835015,794,817.7182845243487,899.4767876709811,1356.135225695405,876.6517481544289,3.613839622948497,0.8197522540192307,0,2615863,2170732,444481,0,0
1024,keepalive-60min,432945,225.72531921115083,103.26259788870811,606.952641044259,8039.159846548579,794,3898.8222613864286,336.47308461368084,23650.794263097567,218.9766619777135,89.8183895181738,89.53750915241844,4878,0,0,0,0,0
