r_ms,beta,snap_ms,ahead_ms,ahead_rw_ms,speedup
100,0.0,891.9663630367033,497.00357983813325,489.9525524927575,1.8205157999455233
100,0.25,891.9663630367033,521.7848683089952,517.0984979397539,1.7249447959924737
100,1.0,891.9663630367033,714.3785677983903,710.5412981063217,1.2553335962510572
250,0.0,1652.3651122891035,664.9665749088701,645.255560072382,2.560791745992469
250,0.25,1652.3651122891035,852.2125124483152,846.0203984954636,1.9531031583016418
250,1.0,1652.3651122891035,1501.2114986356603,1491.5013132736885,1.1078536086986983
650,0.0,3680.0951102955046,1113.3541667231873,1065.4575635407195,3.4540043979469663
650,0.25,3680.0951102955046,1689.1073623749503,1681.940087255144,2.18800606405741
650,1.0,3680.0951102955046,3680.740645567763,3675.36293136601,1.001287540582485
2000,0.0,10523.683853567107,2657.592821300851,2551.6574062323944,4.124254230941477
2000,0.25,10523.683853567107,4402.920945654307,4389.007166290355,2.3977367670743313
2000,1.0,10523.683853567107,10528.40403322152,10520.21462122321,1.0003297682099468
6000,0.0,30800.983833631115,7385.137675968214,7262.074445299282,4.241347849796348
6000,0.25,30800.983833631115,12748.661607362688,12731.016985747341,2.4193655438613826
6000,1.0,30800.983833631115,31123.12370034377,31112.95535249481,0.9899729384325852
