budget_GB,policy,n,mean_ms,p99_ms,overflow_per_run,over_budget_GBs_per_run,preempted_per_run,peak_GB
4,snap,320,5914.064905849768,6529.703175944561,119.25,411.70624732026283,0.0,8.0
4,ahead+rw/gated/jit,320,5663.282839988778,6519.461358986575,119.15,351.4512416496285,0.0,10.5
4,ahead+rw/gated/jit/guard,320,5914.064905849768,6529.703175944561,119.25,411.70567393913916,6.0,8.0
8,snap,320,5914.064905849768,6529.703175944561,0.0,0.0,0.0,8.0
8,ahead+rw/gated/jit,320,5391.657505551739,6501.255299747729,32.65,2.3269690217030954,0.0,13.5
8,ahead+rw/gated/jit/guard,320,5771.4602150273295,6519.461358986575,0.0,0.0,12.15,8.0
16,snap,320,5914.064905849768,6529.703175944561,0.0,0.0,0.0,16.0
16,ahead+rw/gated/jit,320,4182.294785541676,6358.067226672052,9.9,1.083535900032401,0.0,20.0
16,ahead+rw/gated/jit/guard,320,4349.696107603815,6330.831073400278,0.0,0.0,8.15,16.0
32,snap,320,5914.064905849768,6529.703175944561,0.0,0.0,0.0,32.0
32,ahead+rw/gated/jit,320,2815.0713734126903,5981.644574825262,4.85,0.1875125,0.0,34.0
32,ahead+rw/gated/jit/guard,320,2811.1838351625597,5907.927533882144,0.0,0.0,3.9,32.0
64,snap,320,5914.064905849768,6529.703175944561,0.0,0.0,0.0,64.0
64,ahead+rw/gated/jit,320,1193.2144470436933,1381.7834732863419,0.0,0.0,0.0,64.0
64,ahead+rw/gated/jit/guard,320,1193.2144470436933,1381.7834732863419,0.0,0.0,0.0,64.0
