budget_GB,policy,n,mean_ms,p99_ms,p999_ms,after_idle_mean_ms,after_idle_p99_ms,overflow,over_budget_GBs,peak_GB,preempted,evictions,restores
16,snap,432945,504.21012598563266,5659.171463254094,6283.5612270400625,2347.714927798989,6203.6296677368855,19889,3481.8272811154106,59.75,0,221881,221915
16,ahead+rw,432945,398.5666912156258,2232.8078163564205,3174.7476169478823,1055.997558881393,3133.694088742658,27511,4114.725072636286,59.0,0,465540,465573
16,ahead+rw|guard,432945,403.2571830021635,2264.304225986004,3207.939748501775,1069.871747535846,3141.1841212148306,22066,4086.1241700343953,57.0,5552,465892,471477
16,ahead+rw/gated/jit,432945,353.23490131245387,2217.5863047528264,2767.93467470381,963.7904570264301,2929.799494890901,21903,3987.4320509051317,60.5,0,255053,255086
16,ahead+rw/gated/jit/guard,432945,354.35610490905987,2224.640407708883,2907.4988843661295,975.2699933498184,2845.324515508109,19404,3733.7306103381347,59.75,1599,254917,256549
16,"ahead+rw/gated/jit|guard,noevict",432945,486.2579938845504,5301.561158815543,6235.981492152439,2299.701357248122,6203.6296677368855,19220,3415.281110518733,60.25,48,212390,212472
24,snap,432945,357.2336801186563,3818.335315726398,6198.01617902255,2347.714927798989,6203.6296677368855,1513,146.90438626729323,45.0,0,116187,116249
24,ahead+rw,432945,286.66394292429106,1350.3213782106338,2354.3918788582087,844.5620415521698,1816.3809165266077,6823,640.4802239342332,58.0,0,229367,229417
24,ahead+rw|guard,432945,288.56830279153917,1390.7781980061527,2387.523230007151,846.9350952999739,1932.3775374555573,5486,604.0814391702339,64.75,1968,229429,231447
24,ahead+rw/gated/jit,432945,266.9041284166122,1338.0373429274557,2393.4143465373973,813.2866913957038,1295.9653246994314,1980,198.26116695086472,49.5,0,139876,139932
24,ahead+rw/gated/jit/guard,432945,267.0530582353358,1342.8277980244152,2398.6513942200945,814.0556244904789,1305.9778707456537,1838,184.17833811233191,49.5,125,139891,140072
24,"ahead+rw/gated/jit|guard,noevict",432945,347.869515782093,3686.472065561413,6144.619520760772,2290.9866915012517,6157.878977428674,889,83.64657711442932,44.75,5,111299,111366
32,snap,432945,286.24263121155695,3237.1836642551416,6065.857915476313,2347.16621240337,6203.6296677368855,0,0.0,32.0,0,65115,65505
32,ahead+rw,432945,242.73574478060357,1111.8981008839608,1384.5779229307134,818.6860086820234,1360.6745088876366,292,9.198959736466408,39.25,0,139533,139799
32,ahead+rw|guard,432945,242.96039961173227,1115.8910404819248,1408.4101208498444,818.6860086820234,1360.6745088876366,228,8.603152251742781,41.0,221,139517,140004
32,ahead+rw/gated/jit,432945,235.54571277648765,1167.121770247519,2333.1484238212092,806.6209081260371,1243.6668544038832,0,0.0,32.0,0,79081,79464
32,ahead+rw/gated/jit/guard,432945,235.54571277648765,1167.121770247519,2333.1484238212092,806.6209081260371,1243.6668544038832,0,0.0,32.0,0,79081,79464
32,"ahead+rw/gated/jit|guard,noevict",432945,280.5116535923173,3094.1844298654783,5963.09872583126,2211.3823370300547,6157.878977428674,0,0.0,32.0,0,62203,62609
