budget_GB,policy,n,mean_ms,p50_ms,p99_ms,n_after_idle,after_idle_mean_ms,after_idle_p99_ms,hot_mean_ms,hot_p99_ms,partial_warm_arrivals,evictions,restores,overflow,over_budget_GBs
16,snap,432945,504.21012598563266,264.0708012506366,5659.171463254094,794,2347.714927798989,6203.6296677368855,500.82301635811865,5652.0872926265,40201,221881,221915,19889,3481.8272811154106
16,snap|keep=gdsf,432945,478.0194869702192,257.27890196442604,5530.784330506325,794,2347.714927798989,6203.6296677368855,474.5842567381521,5511.4980104491115,32337,223471,224282,18764,3313.917542031208
16,ahead+rw/gated/jit/guard,432945,354.35610490905987,259.54450069367886,2224.640407708883,794,975.2699933498184,2845.324515508109,353.21528693705017,2223.779385894537,32446,254917,256549,19404,3733.7306103381347
16,ahead+rw/gated/jit/guard|keep=gdsf,432945,351.2935801076512,271.6616844087839,2204.6987441334127,794,978.9140300489845,2877.978746187534,350.14044003102657,2203.2176342606544,31037,282349,284004,19636,3937.9998207202552
16,ahead+rw/gated/jit/guard|keep=wf,432945,395.5419539356281,299.7690435498953,2293.426264258623,794,986.3788878204142,2840.79936187431,394.45639697636034,2292.905242487788,10473,352394,354334,24220,4235.574686101906
16,ahead+rw/gated/jit/guard|gateall,432945,355.4785203746802,271.53461253643036,2206.148654397129,794,987.6616626831161,2696.381550892438,354.31699716868764,2204.772138670087,29888,292978,295158,20204,3851.6772507761157
16,"ahead+rw/gated/jit/guard|keep=wf,gateall",432945,414.50089157750097,311.1719274520874,2284.6843441057204,794,993.8681665487583,2771.0492040584913,413.4364080605655,2283.992826759815,12769,434107,437371,24062,4498.167480596215
16,ahead+rw/gated/jit/guard|keep=wfp,432945,381.17592945331285,294.64506554603577,2295.2544863080975,794,977.2996225083548,2875.201922679691,380.0806590217144,2294.372332960367,28173,298948,300688,21063,4230.673363288758
16,"ahead+rw/gated/jit/guard|keep=wfp,gateall",432945,391.4011416054635,309.2946864143014,2231.7237903845307,794,987.1356185087325,2840.79936187431,390.3065862887775,2230.003825880587,31794,361375,363916,21287,4413.172528305155
24,snap,432945,357.2336801186563,109.73771378397942,3818.335315726398,794,2347.714927798989,6203.6296677368855,353.57652761719686,3798.3236322253942,19553,116187,116249,1513,146.90438626729323
24,snap|keep=gdsf,432945,330.94533016702326,110.52488148212433,3657.906732022166,794,2347.804712257043,6203.6296677368855,327.23971257183206,3636.822204053402,11474,102122,103853,2094,652.6569830680043
24,ahead+rw/gated/jit/guard,432945,267.0530582353358,110.24098590016365,1342.8277980244152,794,814.0556244904789,1305.9778707456537,266.0480390693346,1342.8061906546354,17694,139891,140072,1838,184.17833811233191
24,ahead+rw/gated/jit/guard|keep=gdsf,432945,258.37457972052346,112.92504200339317,1193.079652633667,794,816.6887712311252,1489.2847375437534,257.34877747070936,1191.552248865366,13895,143454,144269,1081,88.5770380599685
24,ahead+rw/gated/jit/guard|keep=wf,432945,294.5907389662503,117.52742093801498,1759.1050251621007,794,822.1883953781336,1628.3406653064453,293.6213728437814,1759.118390917778,2749,177444,178273,8529,1048.1119218313581
24,ahead+rw/gated/jit/guard|gateall,432945,266.44928794334606,111.23353388905525,1219.5938360095024,794,814.8225366896604,1385.0774840815343,265.4417503939604,1218.8629554510117,16944,157931,158223,2339,241.22472442547604
24,"ahead+rw/gated/jit/guard|keep=wf,gateall",432945,300.30995724317506,121.89639735221863,1720.0153098011012,794,822.9112662794544,1681.8424544948325,299.3497710134202,1720.417889341712,3194,202945,203969,8254,1238.1050930373538
24,ahead+rw/gated/jit/guard|keep=wfp,432945,275.9525036467938,113.40853589773178,1474.7099005544185,794,817.2362676317028,1488.6132765896728,274.95799175487633,1474.6557258963585,9648,148035,148912,3014,303.29483886105567
24,"ahead+rw/gated/jit/guard|keep=wfp,gateall",432945,276.4500374577631,116.64702147245407,1247.798392328024,794,817.9733757049306,1538.4403532670583,275.4550853910821,1246.5281501039863,10895,168590,169675,3385,354.49983304452894
32,snap,432945,286.24263121155695,105.87383514642715,3237.1836642551416,794,2347.16621240337,6203.6296677368855,282.45605354896605,3203.8905138224363,12552,65115,65505,0,0.0
32,snap|keep=gdsf,432945,269.4755990271631,106.27044698596,3070.397465637922,794,2347.4968222266148,6203.6296677368855,265.65760751211315,3029.855508700013,7398,56339,59128,68,164.35630132703483
32,ahead+rw/gated/jit/guard,432945,235.54571277648765,106.24646437168121,1167.121770247519,794,806.6209081260371,1243.6668544038832,234.49646446951266,1164.8458002731204,11555,79081,79464,0,0.0
32,ahead+rw/gated/jit/guard|keep=gdsf,432945,229.7635104291409,107.42500212788582,1095.3528634361921,794,806.4670464390662,1243.6668544038832,228.70392105507514,1090.3536513866857,7685,82540,84482,0,0.0
32,ahead+rw/gated/jit/guard|keep=wf,432945,245.68285893334928,108.20923069119453,1209.117518686205,794,806.4670464390662,1243.6668544038832,244.65251850863768,1208.4396133944392,1847,100542,102388,300,12.98636329305172
32,ahead+rw/gated/jit/guard|gateall,432945,233.09401064459405,106.55278116464615,1106.819648144245,794,806.6209081260371,1243.6668544038832,232.04025777441612,1102.3518239557743,11440,92395,92736,0,0.0
32,"ahead+rw/gated/jit/guard|keep=wf,gateall",432945,250.10311669676517,109.0107561647892,1215.615824173689,794,808.0005630544285,1249.4917790355905,249.07808014146858,1214.8559734635055,1898,112815,114644,867,54.25485736051202
32,ahead+rw/gated/jit/guard|keep=wfp,432945,236.24650494914997,106.74220982193947,1142.0346238064765,794,806.4670464390662,1243.6668544038832,235.1988269154465,1139.0974882170558,5399,82688,84724,0,0.0
32,"ahead+rw/gated/jit/guard|keep=wfp,gateall",432945,234.41348891039542,107.2503170967102,1110.907937657833,794,806.5756711111054,1243.6668544038832,233.3622434599224,1108.2423865497112,5204,91279,93356,0,0.0
48,snap,432945,222.7563149965442,103.76420974731445,858.2347320616245,794,2341.149438864316,6203.6296677368855,218.86414735062644,742.7731053084135,6997,15056,19100,0,0.0
48,snap|keep=gdsf,432945,222.3885417568214,103.90665557980537,789.5673416453586,794,2337.4021797193277,6203.6296677368855,218.50258331048616,686.957655288279,5399,14873,21038,0,0.0
48,ahead+rw/gated/jit/guard,432945,211.94305697942391,103.89746844768524,836.4256783366201,794,805.6549429266321,1243.6668544038832,210.85221781107285,777.6724008619785,6479,17408,21586,0,0.0
48,ahead+rw/gated/jit/guard|keep=gdsf,432945,210.7384241656517,104.22130900621414,825.5879837226868,794,805.079073627787,1243.6668544038832,209.64642975704697,757.8259591963142,4736,20363,25997,0,0.0
48,ahead+rw/gated/jit/guard|keep=wf,432945,211.78464071393464,104.02305021882057,881.419299405217,794,805.5622893163365,1243.6668544038832,210.69368071849252,826.3534993380308,3670,24734,30068,0,0.0
48,ahead+rw/gated/jit/guard|gateall,432945,209.92440082654235,103.97579148411751,824.1297833704944,794,804.5477956632175,1243.6668544038832,208.83188692399366,779.9552265629172,6421,24230,28114,0,0.0
48,"ahead+rw/gated/jit/guard|keep=wf,gateall",432945,210.85366219441772,104.08963680267334,872.3474456205963,794,805.7804269519372,1243.6668544038832,209.76059090401816,825.7696189135313,3461,27953,33209,0,0.0
48,ahead+rw/gated/jit/guard|keep=wfp,432945,212.2638725936952,103.95919388532639,852.2466353774071,794,807.5407083373102,1249.9123100742697,211.1701581106084,795.154215272516,4620,20368,26228,0,0.0
48,"ahead+rw/gated/jit/guard|keep=wfp,gateall",432945,210.0998979309373,104.02903231978416,842.2390064480898,794,805.5980982917437,1243.6668544038832,209.00577673004574,797.645635664463,4327,23354,29152,0,0.0
