dag,budget_x_max_m,policy,mean_ms,p99_ms,overflow_per_run,preempted_per_run,plans_per_run,plan_timeouts_per_run
mixed,1.0,snap,1520.700765516179,1851.4599470046674,1.08,0.0,0.0,0.0
mixed,1.0,ahead+rw/gated/jit/guard,1432.8151480065903,1762.3824150209198,1.22,0.0,0.0,0.0
mixed,1.0,ahead+rw/gated/jit/guard|queue,1372.1659392364832,1576.1249390710059,1.5,1.0,1.0,1.0
mixed,1.0,ahead+rw/gated/jit/guard|plan,1367.9659085074086,1684.4144637003933,0.08,0.02,1.0,0.06
mixed,1.5,snap,1520.700765516179,1851.4599470046674,0.0,0.0,0.0,0.0
mixed,1.5,ahead+rw/gated/jit/guard,1520.700765516179,1851.4599470046674,0.0,0.0,0.0,0.0
mixed,1.5,ahead+rw/gated/jit/guard|queue,1243.482487432978,1554.4413151489916,0.0,0.0,1.0,0.02
mixed,1.5,ahead+rw/gated/jit/guard|plan,1233.3576501347065,1685.8833421550642,0.0,0.04,1.0,0.04
mixed,2.0,snap,1520.700765516179,1851.4599470046674,0.0,0.0,0.0,0.0
mixed,2.0,ahead+rw/gated/jit/guard,1432.8151480065903,1762.3824150209198,0.0,0.0,0.0,0.0
mixed,2.0,ahead+rw/gated/jit/guard|queue,848.9268587538769,1115.6002354004827,0.0,0.0,1.0,0.0
mixed,2.0,ahead+rw/gated/jit/guard|plan,804.1762029712376,1066.7884399077577,0.0,0.0,1.0,0.0
mixed,3.0,snap,1520.700765516179,1851.4599470046674,0.0,0.0,0.0,0.0
mixed,3.0,ahead+rw/gated/jit/guard,799.8490434077193,1066.7884399077577,0.0,0.0,0.0,0.0
mixed,3.0,ahead+rw/gated/jit/guard|queue,799.8490434077193,1066.7884399077577,0.0,0.0,0.0,0.0
mixed,3.0,ahead+rw/gated/jit/guard|plan,799.8490434077193,1066.7884399077577,0.0,0.0,0.0,0.0
mixed,inf,snap,1520.700765516179,1851.4599470046674,0.0,0.0,0.0,0.0
mixed,inf,ahead+rw/gated/jit/guard,799.8490434077193,1066.7884399077577,0.0,0.0,0.0,0.0
mixed,inf,ahead+rw/gated/jit/guard|queue,799.8490434077193,1066.7884399077577,0.0,0.0,0.0,0.0
mixed,inf,ahead+rw/gated/jit/guard|plan,799.8490434077193,1066.7884399077577,0.0,0.0,0.0,0.0
trip,1.0,snap,3108.0787105523855,4699.957642128194,0.0,0.0,0.0,0.0
trip,1.0,ahead+rw/gated/jit/guard,3108.0787105523855,4699.957642128194,0.0,0.0,0.0,0.0
trip,1.0,ahead+rw/gated/jit/guard|queue,3106.4787105523856,4698.977642128193,0.0,0.58,1.0,3.0
trip,1.0,ahead+rw/gated/jit/guard|plan,3108.0787105523855,4699.957642128194,0.0,0.0,0.0,0.0
trip,1.5,snap,3108.0787105523855,4699.957642128194,0.0,0.0,0.0,0.0
trip,1.5,ahead+rw/gated/jit/guard,3041.566437475471,4635.480943997191,0.0,0.0,0.0,0.0
trip,1.5,ahead+rw/gated/jit/guard|queue,3039.9500516197436,4634.500943997191,0.0,0.42,1.0,2.04
trip,1.5,ahead+rw/gated/jit/guard|plan,3039.9419544484026,4631.480943997191,0.0,0.0,1.0,0.0
trip,2.0,snap,3108.0787105523855,4699.957642128194,0.0,0.0,0.0,0.0
trip,2.0,ahead+rw/gated/jit/guard,2413.156614883406,4060.7646906117284,0.0,0.0,0.0,0.0
trip,2.0,ahead+rw/gated/jit/guard|queue,1878.5117584836298,4096.8059877197775,0.0,0.0,1.0,1.06
trip,2.0,ahead+rw/gated/jit/guard|plan,1803.7859470159353,4078.355367284764,0.0,0.06,1.0,0.26
trip,3.0,snap,3108.0787105523855,4699.957642128194,0.0,0.0,0.0,0.0
trip,3.0,ahead+rw/gated/jit/guard,1747.342634332505,3338.3128274783594,0.0,0.0,0.0,0.0
trip,3.0,ahead+rw/gated/jit/guard|queue,1619.798057516087,3338.3128274783594,0.0,0.0,1.0,0.06
trip,3.0,ahead+rw/gated/jit/guard|plan,1616.6912391429387,3338.3128274783594,0.0,0.0,1.0,0.0
trip,inf,snap,3108.0787105523855,4699.957642128194,0.0,0.0,0.0,0.0
trip,inf,ahead+rw/gated/jit/guard,1017.1052352431254,1195.968452356463,0.0,0.0,0.0,0.0
trip,inf,ahead+rw/gated/jit/guard|queue,1017.1052352431254,1195.968452356463,0.0,0.0,0.0,0.0
trip,inf,ahead+rw/gated/jit/guard|plan,1017.1052352431254,1195.968452356463,0.0,0.0,0.0,0.0
fanout4,1.0,snap,1764.035933266058,2079.8852275702448,3.0,0.0,0.0,0.0
fanout4,1.0,ahead+rw/gated/jit/guard,1764.035933266058,2079.8852275702448,3.0,0.0,0.0,0.0
fanout4,1.0,ahead+rw/gated/jit/guard|queue,2293.8324210467986,2544.1916228813193,3.0,0.0,1.0,5.0
fanout4,1.0,ahead+rw/gated/jit/guard|plan,1764.035933266058,2079.8852275702448,3.0,0.0,0.0,0.0
fanout4,1.5,snap,1764.035933266058,2079.8852275702448,3.0,0.0,0.0,0.0
fanout4,1.5,ahead+rw/gated/jit/guard,1748.0290398066481,2079.8852275702448,3.0,0.0,0.0,0.0
fanout4,1.5,ahead+rw/gated/jit/guard|queue,2292.7005249730346,2544.1916228813193,2.82,0.0,1.0,4.82
fanout4,1.5,ahead+rw/gated/jit/guard|plan,1748.0290398066481,2079.8852275702448,3.0,0.0,0.0,0.0
fanout4,2.0,snap,1764.035933266058,2079.8852275702448,2.0,0.0,0.0,0.0
fanout4,2.0,ahead+rw/gated/jit/guard,1748.0290398066481,2079.8852275702448,2.0,0.0,0.0,0.0
fanout4,2.0,ahead+rw/gated/jit/guard|queue,2272.6941822711883,2544.1916228813193,1.82,0.0,1.0,3.82
fanout4,2.0,ahead+rw/gated/jit/guard|plan,1748.0290398066481,2079.8852275702448,2.0,0.0,0.0,0.0
fanout4,3.0,snap,1764.035933266058,2079.8852275702448,1.0,0.0,0.0,0.0
fanout4,3.0,ahead+rw/gated/jit/guard,1710.8367078645836,2056.0335898037347,1.0,0.0,0.0,0.0
fanout4,3.0,ahead+rw/gated/jit/guard|queue,1955.8915968690603,2415.8804892115977,0.64,0.0,1.0,1.66
fanout4,3.0,ahead+rw/gated/jit/guard|plan,1541.4649175037507,1770.9434523005552,1.0,0.0,1.0,0.0
fanout4,inf,snap,1764.035933266058,2079.8852275702448,0.0,0.0,0.0,0.0
fanout4,inf,ahead+rw/gated/jit/guard,917.6548534184465,1141.3675241672202,0.0,0.0,0.0,0.0
fanout4,inf,ahead+rw/gated/jit/guard|queue,917.6548534184465,1141.3675241672202,0.0,0.0,0.0,0.0
fanout4,inf,ahead+rw/gated/jit/guard|plan,917.6548534184465,1141.3675241672202,0.0,0.0,0.0,0.0
ml,1.0,snap,2123.276047802176,2373.884593012924,0.0,0.0,0.0,0.0
ml,1.0,ahead+rw/gated/jit/guard,2060.1048204956946,2373.884593012924,0.0,1.0,0.0,0.0
ml,1.0,ahead+rw/gated/jit/guard|queue,2101.4011419023686,2352.1203016709073,0.0,2.0,1.0,1.08
ml,1.0,ahead+rw/gated/jit/guard|plan,1432.1049159622637,1699.2556685191637,0.0,0.0,1.0,0.22
ml,1.5,snap,2123.276047802176,2373.884593012924,0.0,0.0,0.0,0.0
ml,1.5,ahead+rw/gated/jit/guard,1968.399135650989,2213.201686188228,0.0,0.0,0.0,0.0
ml,1.5,ahead+rw/gated/jit/guard|queue,1246.2574250994553,1482.910412521928,0.0,0.0,1.0,0.0
ml,1.5,ahead+rw/gated/jit/guard|plan,1246.2574250994553,1482.910412521928,0.0,0.0,1.0,0.0
ml,2.0,snap,2123.276047802176,2373.884593012924,0.0,0.0,0.0,0.0
ml,2.0,ahead+rw/gated/jit/guard,1483.730954672676,1710.8718291760013,0.0,0.0,0.0,0.0
ml,2.0,ahead+rw/gated/jit/guard|queue,880.4976515806576,1060.7250261670833,0.0,0.0,1.0,0.0
ml,2.0,ahead+rw/gated/jit/guard|plan,858.8893138351426,1030.6037951919623,0.0,0.0,1.0,0.0
ml,3.0,snap,2123.276047802176,2373.884593012924,0.0,0.0,0.0,0.0
ml,3.0,ahead+rw/gated/jit/guard,852.1325368041777,1030.6037951919623,0.0,0.0,0.0,0.0
ml,3.0,ahead+rw/gated/jit/guard|queue,852.1325368041777,1030.6037951919623,0.0,0.0,0.0,0.0
ml,3.0,ahead+rw/gated/jit/guard|plan,852.1325368041777,1030.6037951919623,0.0,0.0,0.0,0.0
ml,inf,snap,2123.276047802176,2373.884593012924,0.0,0.0,0.0,0.0
ml,inf,ahead+rw/gated/jit/guard,852.1325368041777,1030.6037951919623,0.0,0.0,0.0,0.0
ml,inf,ahead+rw/gated/jit/guard|queue,852.1325368041777,1030.6037951919623,0.0,0.0,0.0,0.0
ml,inf,ahead+rw/gated/jit/guard|plan,852.1325368041777,1030.6037951919623,0.0,0.0,0.0,0.0
router,1.0,snap,3077.175883326197,3522.8868545238897,0.0,0.0,0.0,0.0
router,1.0,ahead+rw/gated/jit/guard,2988.030880008058,3425.0994126239157,0.0,0.1,0.0,0.0
router,1.0,ahead+rw/gated/jit/guard|queue,2234.302889615256,3425.0994126239157,0.0,0.8,1.0,1.14
router,1.0,ahead+rw/gated/jit/guard|plan,2182.3059704434672,3425.0994126239157,0.0,0.76,1.0,0.38
router,1.5,snap,3077.175883326197,3522.8868545238897,0.0,0.0,0.0,0.0
router,1.5,ahead+rw/gated/jit/guard,2748.3325308269286,3286.8615757993375,0.0,0.1,0.0,0.0
router,1.5,ahead+rw/gated/jit/guard|queue,2079.5339844954306,3425.0994126239157,0.0,0.8,1.0,0.48
router,1.5,ahead+rw/gated/jit/guard|plan,2080.01130763154,3425.0994126239157,0.0,0.86,1.0,0.26
router,2.0,snap,3077.175883326197,3522.8868545238897,0.0,0.0,0.0,0.0
router,2.0,ahead+rw/gated/jit/guard,2513.311224457672,3286.8615757993375,0.0,0.1,0.0,0.0
router,2.0,ahead+rw/gated/jit/guard|queue,2513.311224457672,3286.8615757993375,0.0,0.1,0.0,0.0
router,2.0,ahead+rw/gated/jit/guard|plan,2513.311224457672,3286.8615757993375,0.0,0.1,0.0,0.0
router,3.0,snap,3077.175883326197,3522.8868545238897,0.0,0.0,0.0,0.0
router,3.0,ahead+rw/gated/jit/guard,1750.6493145938164,2977.8754318472443,0.0,0.1,0.0,0.0
router,3.0,ahead+rw/gated/jit/guard|queue,1750.6493145938164,2977.8754318472443,0.0,0.1,0.0,0.0
router,3.0,ahead+rw/gated/jit/guard|plan,1750.6493145938164,2977.8754318472443,0.0,0.1,0.0,0.0
router,inf,snap,3077.175883326197,3522.8868545238897,0.0,0.0,0.0,0.0
router,inf,ahead+rw/gated/jit/guard,1133.5242873677178,1328.8279269318741,0.0,0.0,0.0,0.0
router,inf,ahead+rw/gated/jit/guard|queue,1133.5242873677178,1328.8279269318741,0.0,0.0,0.0,0.0
router,inf,ahead+rw/gated/jit/guard|plan,1133.5242873677178,1328.8279269318741,0.0,0.0,0.0,0.0
chain5,1.0,snap,3642.583915277616,4082.746364104954,0.0,0.0,0.0,0.0
chain5,1.0,ahead+rw/gated/jit/guard,3642.583915277616,4082.746364104954,0.0,0.0,0.0,0.0
chain5,1.0,ahead+rw/gated/jit/guard|queue,3640.9839152776162,4081.726364104954,0.0,0.62,1.0,3.0
chain5,1.0,ahead+rw/gated/jit/guard|plan,3642.583915277616,4082.746364104954,0.0,0.0,0.0,0.0
chain5,1.5,snap,3642.583915277616,4082.746364104954,0.0,0.0,0.0,0.0
chain5,1.5,ahead+rw/gated/jit/guard,3642.583915277616,4082.746364104954,0.0,0.0,0.0,0.0
chain5,1.5,ahead+rw/gated/jit/guard|queue,3640.9839152776162,4081.726364104954,0.0,0.62,1.0,3.0
chain5,1.5,ahead+rw/gated/jit/guard|plan,3642.583915277616,4082.746364104954,0.0,0.0,0.0,0.0
chain5,2.0,snap,3642.583915277616,4082.746364104954,0.0,0.0,0.0,0.0
chain5,2.0,ahead+rw/gated/jit/guard,3013.9716270959516,3442.8367220702776,0.0,0.0,0.0,0.0
chain5,2.0,ahead+rw/gated/jit/guard|queue,2327.5537738576977,2683.9103507574127,0.0,0.14,1.0,1.06
chain5,2.0,ahead+rw/gated/jit/guard|plan,2203.3007731238135,2601.315552667556,0.0,0.0,1.0,0.0
chain5,3.0,snap,3642.583915277616,4082.746364104954,0.0,0.0,0.0,0.0
chain5,3.0,ahead+rw/gated/jit/guard,2347.057059553018,2720.071072445166,0.0,0.0,0.0,0.0
chain5,3.0,ahead+rw/gated/jit/guard|queue,1607.504204403778,2084.73097805348,0.0,0.0,1.0,0.06
chain5,3.0,ahead+rw/gated/jit/guard|plan,1596.0641738071,1884.6100168681955,0.0,0.0,1.0,0.0
chain5,inf,snap,3642.583915277616,4082.746364104954,0.0,0.0,0.0,0.0
chain5,inf,ahead+rw/gated/jit/guard,984.3515850173088,1187.3163387124948,0.0,0.0,0.0,0.0
chain5,inf,ahead+rw/gated/jit/guard|queue,984.3515850173088,1187.3163387124948,0.0,0.0,0.0,0.0
chain5,inf,ahead+rw/gated/jit/guard|plan,984.3515850173088,1187.3163387124948,0.0,0.0,0.0,0.0
chain8,1.0,snap,5877.8857022540815,6453.616239141346,0.0,0.0,0.0,0.0
chain8,1.0,ahead+rw/gated/jit/guard,5877.8857022540815,6453.616239141346,0.0,0.0,0.0,0.0
chain8,1.0,ahead+rw/gated/jit/guard|queue,5876.285702254081,6451.616239141346,0.0,0.68,1.0,5.98
chain8,1.0,ahead+rw/gated/jit/guard|plan,5877.8857022540815,6453.616239141346,0.0,0.0,0.0,0.0
chain8,1.5,snap,5877.8857022540815,6453.616239141346,0.0,0.0,0.0,0.0
chain8,1.5,ahead+rw/gated/jit/guard,5877.8857022540815,6453.616239141346,0.0,0.0,0.0,0.0
chain8,1.5,ahead+rw/gated/jit/guard|queue,5876.285702254081,6451.616239141346,0.0,0.68,1.0,5.98
chain8,1.5,ahead+rw/gated/jit/guard|plan,5877.8857022540815,6453.616239141346,0.0,0.0,0.0,0.0
chain8,2.0,snap,5877.8857022540815,6453.616239141346,0.0,0.0,0.0,0.0
chain8,2.0,ahead+rw/gated/jit/guard,5249.273414072417,5861.041008046816,0.0,0.0,0.0,0.0
chain8,2.0,ahead+rw/gated/jit/guard|queue,4519.5141121310335,5213.138646488978,0.0,0.24,1.0,3.98
chain8,2.0,ahead+rw/gated/jit/guard|plan,3146.7315172531016,3537.8361171835236,0.0,0.0,1.0,0.0
chain8,3.0,snap,5877.8857022540815,6453.616239141346,0.0,0.0,0.0,0.0
chain8,3.0,ahead+rw/gated/jit/guard,4582.358846529483,5174.429974264948,0.0,0.0,0.0,0.0
chain8,3.0,ahead+rw/gated/jit/guard|queue,3151.139227432681,3675.789755417393,0.0,0.04,1.0,2.0
chain8,3.0,ahead+rw/gated/jit/guard|plan,2370.8568187141236,2778.426038898805,0.0,0.0,1.0,0.0
chain8,inf,snap,5877.8857022540815,6453.616239141346,0.0,0.0,0.0,0.0
chain8,inf,ahead+rw/gated/jit/guard,1184.825049620914,1338.3627659699464,0.0,0.0,0.0,0.0
chain8,inf,ahead+rw/gated/jit/guard|queue,1184.825049620914,1338.3627659699464,0.0,0.0,0.0,0.0
chain8,inf,ahead+rw/gated/jit/guard|plan,1184.825049620914,1338.3627659699464,0.0,0.0,0.0,0.0
