budget_GB,policy,n,mean_ms,p99_ms,overflow_per_run,preempted_per_run,plans_per_run,plan_timeouts_per_run,ms_per_plan
4,snap,160,2951.0482212560455,6131.114900758296,65.2,0.0,0.0,0.0,0.0
4,ahead+rw/gated/jit/guard,160,2945.1008129097872,6131.114900758296,65.2,3.7,0.0,0.0,0.0
4,ahead+rw/gated/jit/guard|queue,160,2945.1008129097872,6131.114900758296,65.2,4.0,1.0,1.0,0.0
4,ahead+rw/gated/jit/guard|plan,160,2945.1008129097872,6131.114900758296,65.2,3.0,1.0,2.0,2.5942564010620117
6,snap,160,2951.0482212560455,6131.114900758296,47.3,0.0,0.0,0.0,0.0
6,ahead+rw/gated/jit/guard,160,2941.9852359131237,6131.114900758296,47.0,5.4,0.0,0.0,0.0
6,ahead+rw/gated/jit/guard|queue,160,2958.7652524649493,6131.114900758296,46.4,5.3,1.0,1.9,0.0
6,ahead+rw/gated/jit/guard|plan,160,2966.154574820501,6131.114900758296,46.1,5.5,1.0,1.1,0.16961097717285156
8,snap,160,2951.0482212560455,6131.114900758296,27.0,0.0,0.0,0.0,0.0
8,ahead+rw/gated/jit/guard,160,2930.317367616077,6131.114900758296,25.4,8.0,0.0,0.0,0.0
8,ahead+rw/gated/jit/guard|queue,160,2930.317367616077,6131.114900758296,25.4,8.2,0.2,0.5,0.0
8,ahead+rw/gated/jit/guard|plan,160,2924.7699426533363,6131.114900758296,25.4,8.2,0.2,0.0,0.07700920104980469
12,snap,160,2951.0482212560455,6131.114900758296,0.5,0.0,0.0,0.0,0.0
12,ahead+rw/gated/jit/guard,160,2695.9078203359163,5977.41586521681,0.0,15.6,0.0,0.0,0.0
12,ahead+rw/gated/jit/guard|queue,160,2573.2460434574987,5977.41586521681,0.0,20.3,1.6,0.0,0.0
12,ahead+rw/gated/jit/guard|plan,160,2605.4077877469367,5977.41586521681,0.0,15.7,1.2,0.0,0.45239925384521484
16,snap,160,2951.0482212560455,6131.114900758296,0.0,0.0,0.0,0.0,0.0
16,ahead+rw/gated/jit/guard,160,2303.456645596815,5977.41586521681,0.0,12.3,0.0,0.0,0.0
16,ahead+rw/gated/jit/guard|queue,160,2062.117970446836,4096.644612940021,0.0,16.7,2.3,0.0,0.0
16,ahead+rw/gated/jit/guard|plan,160,2054.9134339690904,4772.505285994843,0.0,13.4,2.6,0.0,0.47089503361628604
32,snap,160,2951.0482212560455,6131.114900758296,0.0,0.0,0.0,0.0,0.0
32,ahead+rw/gated/jit/guard,160,1316.3484563043955,3274.3403971921816,0.0,1.7,0.0,0.0,0.0
32,ahead+rw/gated/jit/guard|queue,160,1249.354333157119,3769.1192522514593,0.0,3.4,2.0,0.0,0.0
32,ahead+rw/gated/jit/guard|plan,160,1227.5188494222768,3150.111169226756,0.0,1.2,1.7,0.0,0.3999962526209214
