seed,budget_GB,policy,n,mean_ms,p50_ms,p99_ms,n_after_idle,after_idle_mean_ms,after_idle_p99_ms,hot_mean_ms,hot_p99_ms,partial_warm_arrivals,evictions,restores,overflow,over_budget_GBs,plans,plan_timeouts
1,16,ahead+rw/gated/jit/guard|keep=gdsf,432945,351.2935801076512,271.6616844087839,2204.6987441334127,794,978.9140300489845,2877.978746187534,350.14044003102657,2203.2176342606544,31037,282349,284004,19636,3937.9998207202552,0,0
1,16,"ahead+rw/gated/jit/guard|keep=gdsf,plan",432944,394.0756493107374,299.64336244016886,2293.411409050226,794,1024.9005955240386,2958.872118211611,392.91661886461134,2292.20412167579,38599,358359,361850,23548,4530.951723178826,722,5
2,16,ahead+rw/gated/jit/guard|keep=gdsf,432945,350.658002930293,270.10424467921257,2206.5028653252125,794,987.3902143865294,3091.660589092969,349.488121625156,2204.703212417662,30619,280405,282002,20179,3918.868141560754,0,0
2,16,"ahead+rw/gated/jit/guard|keep=gdsf,plan",432945,349.5017907934227,269.25508174300194,2202.7767324745655,794,958.6168997358076,2552.6444945090825,348.3826509638255,2200.9579756855965,30523,279004,280686,20179,3918.9891063635478,311,9
3,16,ahead+rw/gated/jit/guard|keep=gdsf,432945,352.19293739076795,272.38374358415604,2207.471441962719,794,985.8871842400141,3034.671492735294,351.02863780104514,2205.3545949161053,31047,282854,284459,20544,3861.9320495179927,0,0
3,16,"ahead+rw/gated/jit/guard|keep=gdsf,plan",432944,353.2926673479128,273.90327364206314,2206.1923644811,794,967.2494256662294,2934.493510786043,352.16462924515974,2204.2264427833265,31367,286383,288142,20544,3861.926333873499,341,7
1,24,ahead+rw/gated/jit/guard|keep=gdsf,432945,258.37457972052346,112.92504200339317,1193.079652633667,794,816.6887712311252,1489.2847375437534,257.34877747070936,1191.552248865366,13895,143454,144269,1081,88.5770380599685,0,0
1,24,"ahead+rw/gated/jit/guard|keep=gdsf,plan",432945,258.6120483759238,112.96130998432636,1194.039929612279,794,814.5599095581554,1316.7434448468641,257.59059383392645,1192.6998893469572,13872,143619,144431,1121,92.8914486473538,22,0
2,24,ahead+rw/gated/jit/guard|keep=gdsf,432945,257.92122344306705,112.86243999004364,1186.8193303322792,794,816.1458097894914,1444.5864667972874,256.8955858266805,1185.7448410987854,13694,142685,143514,962,91.09417675618828,0,0
2,24,"ahead+rw/gated/jit/guard|keep=gdsf,plan",432945,257.1252285163217,112.78539848327637,1180.0748417079449,794,813.2974473928208,1313.8176560798272,256.103361757277,1178.896455904469,13620,142082,142909,482,41.608358500555156,28,1
3,24,ahead+rw/gated/jit/guard|keep=gdsf,432945,256.8004610367558,112.70495709776878,1181.1733067858218,794,816.3135571451616,1499.5971731105415,255.7724560146453,1179.4440471455455,13777,142405,143237,414,23.350877690825612,0,0
3,24,"ahead+rw/gated/jit/guard|keep=gdsf,plan",432945,256.64747544527523,112.67152565717697,1180.1661651885508,794,812.7101314936825,1438.8167899608586,255.62580998828813,1178.8303254395723,13831,142234,143070,415,25.035235392082484,32,0
1,32,ahead+rw/gated/jit/guard|keep=gdsf,432945,229.7635104291409,107.42500212788582,1095.3528634361921,794,806.4670464390662,1243.6668544038832,228.70392105507514,1090.3536513866857,7685,82540,84482,0,0.0,0,0
1,32,"ahead+rw/gated/jit/guard|keep=gdsf,plan",432945,229.7622222294936,107.42500212788582,1095.2956487023828,794,806.4670464390662,1243.6668544038832,228.70263048859192,1090.2066671447828,7685,82540,84481,0,0.0,1,0
2,32,ahead+rw/gated/jit/guard|keep=gdsf,432945,229.24459487476307,107.35550346970558,1094.195395464897,794,808.7958318663726,1262.9529003131388,228.17977336059013,1089.3497729115188,7586,81654,83584,0,0.0,0,0
2,32,"ahead+rw/gated/jit/guard|keep=gdsf,plan",432945,229.24459487476307,107.35550346970558,1094.195395464897,794,808.7958318663726,1262.9529003131388,228.17977336059013,1089.3497729115188,7586,81654,83584,0,0.0,0,0
3,32,ahead+rw/gated/jit/guard|keep=gdsf,432945,229.2580881881931,107.27871385216713,1097.3120834231374,794,806.7500589078722,1303.0391014470158,228.19705020667408,1091.9753217548132,7781,82182,84195,0,0.0,0,0
3,32,"ahead+rw/gated/jit/guard|keep=gdsf,plan",432945,229.2580881881931,107.27871385216713,1097.3120834231374,794,806.7500589078722,1303.0391014470158,228.19705020667408,1091.9753217548132,7781,82182,84195,0,0.0,0,0
