flags,cond,n,C_ms,R_med,R_lo,R_hi,prime_wall_s,compiles_snap,first_med
pinned,none_K0,20,0.187,4651.8330000000005,4543.449,4741.8094999999985,0.0,519.0,1552.778
pinned,prime0.25_K100,20,0.187,1885.183,1787.656500000001,1990.7890000000002,3.5927806004992817,1262.0,2.6180000000000003
pinned,prime0.25_K400,20,0.187,991.6030000000001,927.4344999999998,1078.5904999999993,5.949771412499786,1553.0,1.237
pinned,prime1.0_K100,20,0.187,1842.0855000000001,1838.5460000000007,1939.4739999999988,0.861611645499579,1279.0,1.9115
pinned,prime1.0_K400,20,0.187,973.2609999999997,931.8580000000006,1038.8665000000005,1.3828839514999345,1567.0,1.23
pinned,prime4.0_K100,20,0.187,1842.0999999999988,1745.9089999999997,1988.7199999999993,0.36382404999994833,1272.0,2.5465
pinned,prime4.0_K400,20,0.187,1011.7714999999995,974.1505000000002,1130.3290000000002,0.6096494759997313,1568.0,1.3715000000000002
pinned,ref_K1500,20,0.187,412.621,370.96350000000007,435.0164999999999,0.9976067654999952,1863.0,0.817
ergo,none_K0,20,0.218,4627.129999999999,4339.117999999999,4733.3229999999985,0.0,524.0,1504.034
ergo,prime0.25_K100,20,0.218,1823.6864999999991,1736.385999999999,1932.0620000000008,3.5944395914998495,1257.5,2.252
ergo,prime0.25_K400,20,0.218,1020.5134999999998,931.1954999999998,1032.3259999999996,5.94384992400046,1550.5,1.2875
ergo,prime1.0_K100,20,0.218,1836.877,1737.6690000000003,1930.6914999999995,0.8027956145001554,1271.5,1.944
ergo,prime1.0_K400,20,0.218,1024.6644999999999,987.5245000000001,1090.5875,1.3838983455000289,1572.5,1.2734999999999999
ergo,prime4.0_K100,20,0.218,2128.3110000000006,2031.7894999999994,2335.6040000000003,0.3608883584997784,1295.0,1.8565
ergo,prime4.0_K400,20,0.218,1128.9190000000003,1035.0495,1139.7750000000005,0.5679485104999458,1582.0,1.0425
ergo,ref_K1500,20,0.218,335.31399999999996,293.0034999999999,353.49649999999997,1.0160671085000104,1878.0,1.0925
