exp,vcpu,cond,n,C_ms,R_med,R_lo,R_hi,first_med,first10_med,jit_serve_ms,compiles_serve,compiles_snap,steal_max
exp-a,1.0,fps_bulk_K100,10,0.184,414.8855000000001,389.8004999999998,446.10300000000007,8.09,2.36145,576.5687790000001,270.0,1223.5,13
exp-a,1.0,fps_bulk_K25,10,0.184,477.56500000000005,444.99649999999997,505.04499999999985,7.8485,3.1207,670.887704,334.0,1100.0,10
exp-a,1.0,fps_bulk_K400,10,0.184,206.541,194.65100000000004,244.426,4.656000000000001,1.3832,284.191151,124.5,1504.5,10
exp-a,1.0,mixed_K100,10,0.184,416.21299999999974,387.05,451.1520000000002,7.0775,2.3792,589.9533555,316.0,1198.0,13
exp-a,1.0,mixed_K200,10,0.184,361.47399999999993,337.5990000000003,406.16299999999984,6.217499999999999,2.1294500000000003,515.8338055,223.0,1315.5,20
exp-a,1.0,mixed_K25,10,0.184,516.9115000000002,496.1430000000002,583.4955,10.412500000000001,4.7406500000000005,747.6932245,395.5,1059.0,9
exp-a,1.0,mixed_K400,10,0.184,234.025,216.07349999999997,245.512,4.632,1.7806,330.59707,138.0,1442.0,13
exp-a,1.0,mixed_K800,10,0.184,160.512,151.88599999999997,167.2160000000001,4.088,1.8242500000000001,224.965103,136.5,1631.5,25
exp-a,1.0,none_K0,10,0.184,981.7585000000001,964.7170000000001,1042.7260000000006,340.3135,43.87425,1175.1293660000001,901.5,516.0,15
exp-a,1.0,real_bulk2_K100,10,0.184,400.77049999999997,389.596,456.7414999999998,7.5915,2.1205,586.018002,271.5,1230.5,12
exp-a,1.0,real_bulk2_K25,10,0.184,501.3970000000001,470.3160000000001,532.0579999999998,10.158000000000001,3.2379,679.250343,355.5,1083.5,7
exp-a,1.0,real_bulk2_K400,10,0.184,199.8844999999998,183.45199999999986,212.42599999999982,6.579,1.2570000000000001,262.7858805,109.0,1498.0,13
exp-a,1.0,real_bulk_K100,10,0.184,423.9705000000001,409.86400000000003,442.529,8.16,2.7488,573.4064435,268.5,1227.5,12
exp-a,1.0,real_bulk_K25,10,0.184,483.97150000000045,451.4459999999997,504.0265,7.3285,2.9234,681.203806,332.5,1098.0,10
exp-a,1.0,real_bulk_K400,10,0.184,213.141,198.13,252.46399999999983,3.8905,1.4698,277.98409100000003,117.5,1494.0,16
exp-a,1.0,real_web_K100,10,0.184,603.3205000000003,590.694,664.1290000000007,35.453,11.178049999999999,904.979023,517.5,985.0,10
exp-a,1.0,real_web_K25,10,0.184,656.736,635.2720000000003,695.8789999999989,39.0945,12.74995,976.3953295,585.0,859.0,11
exp-a,1.0,real_web_K400,10,0.184,513.1155000000002,492.0210000000002,622.7130000000002,28.573999999999998,7.83975,698.254983,345.0,1202.0,14
exp-a,1.0,ref_K1500,10,0.184,79.924,73.38350000000001,93.97800000000002,0.7835000000000001,0.26385000000000003,42.6075665,14.0,1827.0,19
exp-a,1.0,schema_bulk_K100,10,0.184,451.3485000000002,414.56900000000013,484.4789999999999,6.3535,2.6469,643.982434,323.5,1320.5,12
exp-a,1.0,schema_bulk_K25,10,0.184,535.8934999999999,504.2560000000001,555.4340000000003,12.6065,4.95185,738.8339765000001,395.0,1104.0,11
exp-a,1.0,schema_bulk_K400,10,0.184,251.10199999999983,248.9480000000002,275.5425,6.346,1.8622,339.6255775,131.0,1665.5,15
exp-a,0.25,fps_bulk_K100,10,0.183,1938.351,1856.2609999999977,2062.414,7.2684999999999995,9.85505,2130.453672,272.5,1219.5,24
exp-a,0.25,fps_bulk_K25,10,0.183,2342.1590000000015,2146.4760000000015,2592.5999999999985,45.466,14.47945,2810.28878,326.0,1101.0,29
exp-a,0.25,fps_bulk_K400,10,0.183,1032.4944999999998,854.274,1121.1055,4.1385000000000005,4.1884,1026.2097915,123.5,1493.5,32
exp-a,0.25,mixed_K100,10,0.183,2038.505,1942.0375000000004,2119.2419999999997,6.7605,10.0179,2309.8178665,304.5,1191.0,33
exp-a,0.25,mixed_K200,10,0.183,1645.5534999999998,1561.0640000000005,1757.7510000000007,8.5915,9.5952,1865.1878035,220.5,1306.5,31
exp-a,0.25,mixed_K25,10,0.183,2549.9679999999985,2376.3869999999997,2829.554000000003,85.685,19.3881,3209.0677825000002,404.0,1050.0,20
exp-a,0.25,mixed_K400,10,0.183,1184.7264999999998,1145.2700000000002,1293.0534999999993,44.8745,8.525299999999998,1202.452846,140.0,1453.0,28
exp-a,0.25,mixed_K800,10,0.183,914.5429999999996,757.4509999999998,925.8469999999996,4.693,7.722049999999999,791.655391,135.0,1610.5,31
exp-a,0.25,none_K0,10,0.183,4588.285,4341.445999999999,4931.076500000001,1493.432,188.54375,4738.986527499999,881.0,511.5,33
exp-a,0.25,real_bulk2_K100,10,0.183,1982.8675000000003,1795.2845000000002,2160.369,7.986,9.794899999999998,2222.7764145,279.0,1215.5,18
exp-a,0.25,real_bulk2_K25,10,0.183,2330.0964999999987,2194.1054999999997,2397.8055000000004,11.3835,10.70745,2785.4073595,345.0,1085.5,35
exp-a,0.25,real_bulk2_K400,10,0.183,1074.8449999999998,918.2729999999998,1131.0929999999998,6.173500000000001,5.9096,1128.125601,115.0,1486.5,34
exp-a,0.25,real_bulk_K100,10,0.183,1845.5555,1784.4270000000001,2288.9469999999983,10.672,9.74345,2176.563096,264.0,1232.0,29
exp-a,0.25,real_bulk_K25,10,0.183,2373.4490000000005,2206.1539999999995,2582.5570000000007,9.749500000000001,14.54055,2827.4916355,329.5,1100.5,27
exp-a,0.25,real_bulk_K400,10,0.183,953.6070000000002,923.9595000000004,1125.365000000001,3.4405,8.0731,990.5728349999999,113.5,1485.0,31
exp-a,0.25,real_web_K100,10,0.183,2886.005,2743.1489999999994,3140.793999999998,110.6645,49.08055,3623.2812905,496.5,971.0,25
exp-a,0.25,real_web_K25,10,0.183,3041.3369999999995,2948.379000000001,3151.0999999999985,193.24,51.52395,3831.859488,588.0,855.5,30
exp-a,0.25,real_web_K400,10,0.183,2257.3640000000005,2203.656499999999,2471.1629999999996,182.0485,38.81655,2701.490066,345.5,1200.0,34
exp-a,0.25,ref_K1500,10,0.183,449.56750000000005,410.22149999999993,530.0369999999999,0.7655000000000001,0.37625,222.761644,18.5,1833.0,40
exp-a,0.25,schema_bulk_K100,10,0.183,2142.742,1948.46,2339.6570000000015,8.417,10.53245,2562.2352140000003,312.0,1314.5,38
exp-a,0.25,schema_bulk_K25,10,0.183,2449.5069999999987,2324.132,2627.461999999997,82.8535,19.902250000000002,2896.1388355,382.5,1110.0,24
exp-a,0.25,schema_bulk_K400,10,0.183,1235.3355000000004,1163.9929999999993,1343.1899999999996,8.440999999999999,2.1279500000000002,1292.8620765,151.0,1644.0,31
